{"content":[{"id":"47771ac2","settings":{"flex_direction":"column","content_width":"full","width":{"unit":"%","size":100,"sizes":[]},"background_background":"classic","background_color":"#0A1D35","background_image":{"id":713,"url":"http:\/\/localhost\/wakil\/wp-content\/uploads\/2024\/05\/header_testimonial-1.png","alt":"","source":"library","size":""},"background_overlay_background":"classic","background_overlay_color_b":"#0A1D35","background_overlay_gradient_type":"radial","background_overlay_gradient_position":"bottom center","background_overlay_opacity":{"unit":"px","size":1,"sizes":[]},"margin":{"unit":"px","top":"0","right":"0","bottom":"0","left":"0","isLinked":false},"padding":{"unit":"px","top":"100","right":"0","bottom":"100","left":"0","isLinked":false},"css_classes":"overlay-effect","__globals__":{"background_overlay_color":"","background_color":"globals\/colors?id=accent"},"background_position":"center center","background_attachment":"scroll","background_repeat":"no-repeat","background_size":"cover","padding_laptop":{"unit":"px","top":"80","right":"0","bottom":"80","left":"0","isLinked":false},"padding_tablet_extra":{"unit":"px","top":"70","right":"0","bottom":"70","left":"0","isLinked":false},"padding_tablet":{"unit":"px","top":"60","right":"0","bottom":"60","left":"0","isLinked":false},"padding_mobile_extra":{"unit":"px","top":"50","right":"0","bottom":"50","left":"0","isLinked":false},"padding_mobile":{"unit":"px","top":"40","right":"0","bottom":"40","left":"0","isLinked":false}},"elements":[{"id":"4e12b22e","settings":{"content_width":"full","width":{"unit":"px","size":1200,"sizes":[]},"width_tablet_extra":{"unit":"%","size":100,"sizes":[]},"width_tablet":{"unit":"%","size":"","sizes":[]},"width_mobile_extra":{"unit":"%","size":"","sizes":[]},"width_mobile":{"unit":"%","size":"","sizes":[]},"margin":{"unit":"px","top":"0","right":"0","bottom":"0","left":"0","isLinked":false},"padding":{"unit":"px","top":"0","right":"15","bottom":"0","left":"15","isLinked":false},"_flex_align_self":"center"},"elements":[{"id":"103917ae","settings":{"title":"Case Evaluation","align_mobile_extra":"center","typography_typography":"custom","typography_font_family":"Marcellus","typography_font_size":{"unit":"px","size":72,"sizes":[]},"typography_font_size_laptop":{"unit":"px","size":64,"sizes":[]},"typography_font_size_tablet":{"unit":"px","size":54,"sizes":[]},"typography_font_size_mobile_extra":{"unit":"px","size":48,"sizes":[]},"typography_font_size_mobile":{"unit":"px","size":44,"sizes":[]},"typography_font_weight":"400","typography_text_transform":"none","typography_font_style":"normal","typography_text_decoration":"none","typography_line_height":{"unit":"custom","size":"normal","sizes":[]},"typography_line_height_laptop":{"unit":"custom","size":"","sizes":[]},"typography_line_height_tablet_extra":{"unit":"custom","size":"","sizes":[]},"typography_line_height_tablet":{"unit":"px","size":"","sizes":[]},"typography_line_height_mobile":{"unit":"px","size":"","sizes":[]},"typography_letter_spacing":{"unit":"px","size":0,"sizes":[]},"typography_word_spacing":{"unit":"px","size":0,"sizes":[]},"__globals__":{"title_color":"globals\/colors?id=text"}},"elements":[],"isInner":false,"widgetType":"heading","elType":"widget"},{"id":"4ead63e2","settings":{"alignment":"center","columns":"2","align_tablet":"center"},"elements":[],"isInner":false,"widgetType":"custom-breadcrumb-widget","elType":"widget"}],"isInner":true,"elType":"container"}],"isInner":false,"elType":"container"},{"id":"104b9e53","settings":{"flex_direction":"column","content_width":"full","background_background":"classic","margin":{"unit":"px","top":"0","right":"0","bottom":"0","left":"0","isLinked":false},"padding":{"unit":"px","top":"100","right":"0","bottom":"100","left":"0","isLinked":false},"padding_laptop":{"unit":"px","top":"80","right":"0","bottom":"80","left":"0","isLinked":false},"padding_tablet_extra":{"unit":"px","top":"70","right":"0","bottom":"70","left":"0","isLinked":false},"padding_tablet":{"unit":"px","top":"60","right":"0","bottom":"60","left":"0","isLinked":false},"padding_mobile_extra":{"unit":"px","top":"50","right":"0","bottom":"50","left":"0","isLinked":false},"padding_mobile":{"unit":"px","top":"40","right":"0","bottom":"40","left":"0","isLinked":false},"__globals__":{"background_color":"globals\/colors?id=text"}},"elements":[{"id":"337cb17c","settings":{"content_width":"full","width":{"unit":"px","size":1200,"sizes":[]},"width_tablet_extra":{"unit":"%","size":100,"sizes":[]},"width_tablet":{"unit":"%","size":"","sizes":[]},"width_mobile_extra":{"unit":"%","size":"","sizes":[]},"width_mobile":{"unit":"%","size":"","sizes":[]},"margin":{"unit":"px","top":"0","right":"0","bottom":"0","left":"0","isLinked":false},"padding":{"unit":"px","top":"0","right":"15","bottom":"0","left":"15","isLinked":false},"_flex_align_self":"center"},"elements":[{"id":"f286393","settings":{"title":"Free Case Evaluation","_margin":{"unit":"px","top":"0","right":"0","bottom":"0","left":"0","isLinked":false},"_padding":{"unit":"px","top":"0","right":"0","bottom":"10","left":"0","isLinked":false},"__globals__":{"title_color":"globals\/colors?id=accent","typography_typography":""},"title_color":"#FFFFFF","typography_typography":"custom","typography_font_family":"Marcellus","typography_font_size":{"unit":"px","size":48,"sizes":[]},"typography_font_size_laptop":{"unit":"px","size":44,"sizes":[]},"typography_font_size_tablet":{"unit":"px","size":36,"sizes":[]},"typography_font_size_mobile_extra":{"unit":"px","size":34,"sizes":[]},"typography_font_size_mobile":{"unit":"px","size":32,"sizes":[]},"typography_font_weight":"400","typography_text_transform":"none","typography_font_style":"normal","typography_text_decoration":"none","typography_line_height":{"unit":"custom","size":"normal","sizes":[]},"_flex_align_self":"center","pafe_gradient_text":"","pafe_gradient_text_color":"#670093","pafe_gradient_text_color_stop":{"unit":"%","size":0,"sizes":[]},"pafe_gradient_text_color_b":"#f2295b","pafe_gradient_text_color_b_stop":{"unit":"%","size":100,"sizes":[]},"pafe_gradient_text_gradient_type":"linear","pafe_gradient_text_gradient_angle":{"unit":"deg","size":180,"sizes":[]},"pafe_gradient_text_gradient_position":"center center","pafe_tooltip":"","pafe_tooltip_content_type":"content","pafe_tooltip_content_wysiwyg":"","pafe_tooltip_content_saved_template":"","pafe_tooltip_content_image":{"url":"http:\/\/localhost\/wakil\/wp-content\/plugins\/elementor\/assets\/images\/placeholder.png","id":"","size":""},"pafe_tooltip_duration":"300","pafe_tooltip_distance":"5","pafe_tooltip_animation_type":"scale","pafe_tooltip_placement":"top","pafe_tooltip_content_color":"#fff","pafe_tooltip_custom_width":"","pafe_tooltip_content_width":{"unit":"%","size":100,"sizes":[]},"pafe_tooltip_content_width_laptop":{"unit":"px","size":"","sizes":[]},"pafe_tooltip_content_width_tablet":{"unit":"px","size":"","sizes":[]},"pafe_tooltip_content_width_mobile_extra":{"unit":"px","size":"","sizes":[]},"pafe_tooltip_content_width_mobile":{"unit":"px","size":"","sizes":[]},"pafe_tooltip_background_color":"#000","pafe_tooltip_label_typography_typography":"","pafe_tooltip_label_typography_font_family":"","pafe_tooltip_label_typography_font_size":{"unit":"px","size":"","sizes":[]},"pafe_tooltip_label_typography_font_size_laptop":{"unit":"px","size":"","sizes":[]},"pafe_tooltip_label_typography_font_size_tablet":{"unit":"px","size":"","sizes":[]},"pafe_tooltip_label_typography_font_size_mobile_extra":{"unit":"px","size":"","sizes":[]},"pafe_tooltip_label_typography_font_size_mobile":{"unit":"px","size":"","sizes":[]},"pafe_tooltip_label_typography_font_weight":"","pafe_tooltip_label_typography_text_transform":"","pafe_tooltip_label_typography_font_style":"","pafe_tooltip_label_typography_text_decoration":"","pafe_tooltip_label_typography_line_height":{"unit":"px","size":"","sizes":[]},"pafe_tooltip_label_typography_line_height_laptop":{"unit":"px","size":"","sizes":[]},"pafe_tooltip_label_typography_line_height_tablet":{"unit":"em","size":"","sizes":[]},"pafe_tooltip_label_typography_line_height_mobile_extra":{"unit":"px","size":"","sizes":[]},"pafe_tooltip_label_typography_line_height_mobile":{"unit":"em","size":"","sizes":[]},"pafe_tooltip_label_typography_letter_spacing":{"unit":"px","size":"","sizes":[]},"pafe_tooltip_label_typography_letter_spacing_laptop":{"unit":"px","size":"","sizes":[]},"pafe_tooltip_label_typography_letter_spacing_tablet":{"unit":"px","size":"","sizes":[]},"pafe_tooltip_label_typography_letter_spacing_mobile_extra":{"unit":"px","size":"","sizes":[]},"pafe_tooltip_label_typography_letter_spacing_mobile":{"unit":"px","size":"","sizes":[]},"pafe_tooltip_label_typography_word_spacing":{"unit":"px","size":"","sizes":[]},"pafe_tooltip_label_typography_word_spacing_laptop":{"unit":"px","size":"","sizes":[]},"pafe_tooltip_label_typography_word_spacing_tablet":{"unit":"em","size":"","sizes":[]},"pafe_tooltip_label_typography_word_spacing_mobile_extra":{"unit":"px","size":"","sizes":[]},"pafe_tooltip_label_typography_word_spacing_mobile":{"unit":"em","size":"","sizes":[]},"pafe_form_style":"","pafe_form_style_width":{"unit":"%","size":100,"sizes":[]},"pafe_form_style_width_laptop":{"unit":"px","size":"","sizes":[]},"pafe_form_style_width_tablet":{"unit":"px","size":"","sizes":[]},"pafe_form_style_width_mobile_extra":{"unit":"px","size":"","sizes":[]},"pafe_form_style_width_mobile":{"unit":"px","size":"","sizes":[]},"pafe_form_style_align":"","pafe_form_style_align_laptop":"","pafe_form_style_align_tablet":"","pafe_form_style_align_mobile_extra":"","pafe_form_style_align_mobile":"","pafe_form_style_row_gap":{"unit":"px","size":20,"sizes":[]},"pafe_form_style_row_gap_laptop":{"unit":"px","size":"","sizes":[]},"pafe_form_style_row_gap_tablet":{"unit":"px","size":"","sizes":[]},"pafe_form_style_row_gap_mobile_extra":{"unit":"px","size":"","sizes":[]},"pafe_form_style_row_gap_mobile":{"unit":"px","size":"","sizes":[]},"pafe_form_style_padding":{"unit":"px","top":"","right":"","bottom":"","left":"","isLinked":true},"pafe_form_style_padding_laptop":{"unit":"px","top":"","right":"","bottom":"","left":"","isLinked":true},"pafe_form_style_padding_tablet":{"unit":"px","top":"","right":"","bottom":"","left":"","isLinked":true},"pafe_form_style_padding_mobile_extra":{"unit":"px","top":"","right":"","bottom":"","left":"","isLinked":true},"pafe_form_style_padding_mobile":{"unit":"px","top":"","right":"","bottom":"","left":"","isLinked":true},"pafe_form_style_input_border_border":"","pafe_form_style_input_border_width":{"unit":"px","top":"","right":"","bottom":"","left":"","isLinked":true},"pafe_form_style_input_border_width_laptop":{"unit":"px","top":"","right":"","bottom":"","left":"","isLinked":true},"pafe_form_style_input_border_width_tablet":{"unit":"px","top":"","right":"","bottom":"","left":"","isLinked":true},"pafe_form_style_input_border_width_mobile_extra":{"unit":"px","top":"","right":"","bottom":"","left":"","isLinked":true},"pafe_form_style_input_border_width_mobile":{"unit":"px","top":"","right":"","bottom":"","left":"","isLinked":true},"pafe_form_style_input_border_color":"","pafe_form_style_input_border_radius":{"unit":"px","top":"","right":"","bottom":"","left":"","isLinked":true},"pafe_form_style_input_border_radius_laptop":{"unit":"px","top":"","right":"","bottom":"","left":"","isLinked":true},"pafe_form_style_input_border_radius_tablet":{"unit":"px","top":"","right":"","bottom":"","left":"","isLinked":true},"pafe_form_style_input_border_radius_mobile_extra":{"unit":"px","top":"","right":"","bottom":"","left":"","isLinked":true},"pafe_form_style_input_border_radius_mobile":{"unit":"px","top":"","right":"","bottom":"","left":"","isLinked":true},"pafe_form_style_area_padding":{"unit":"px","top":"","right":"","bottom":"","left":"","isLinked":true},"pafe_form_style_area_padding_laptop":{"unit":"px","top":"","right":"","bottom":"","left":"","isLinked":true},"pafe_form_style_area_padding_tablet":{"unit":"px","top":"","right":"","bottom":"","left":"","isLinked":true},"pafe_form_style_area_padding_mobile_extra":{"unit":"px","top":"","right":"","bottom":"","left":"","isLinked":true},"pafe_form_style_area_padding_mobile":{"unit":"px","top":"","right":"","bottom":"","left":"","isLinked":true},"pafe_form_style_background_color":"#f1f1f1","pafe_form_style_label_typography":"","pafe_form_style_label_font_family":"","pafe_form_style_label_font_size":{"unit":"px","size":"","sizes":[]},"pafe_form_style_label_font_size_laptop":{"unit":"px","size":"","sizes":[]},"pafe_form_style_label_font_size_tablet":{"unit":"px","size":"","sizes":[]},"pafe_form_style_label_font_size_mobile_extra":{"unit":"px","size":"","sizes":[]},"pafe_form_style_label_font_size_mobile":{"unit":"px","size":"","sizes":[]},"pafe_form_style_label_font_weight":"","pafe_form_style_label_text_transform":"","pafe_form_style_label_font_style":"","pafe_form_style_label_text_decoration":"","pafe_form_style_label_line_height":{"unit":"px","size":"","sizes":[]},"pafe_form_style_label_line_height_laptop":{"unit":"px","size":"","sizes":[]},"pafe_form_style_label_line_height_tablet":{"unit":"em","size":"","sizes":[]},"pafe_form_style_label_line_height_mobile_extra":{"unit":"px","size":"","sizes":[]},"pafe_form_style_label_line_height_mobile":{"unit":"em","size":"","sizes":[]},"pafe_form_style_label_letter_spacing":{"unit":"px","size":"","sizes":[]},"pafe_form_style_label_letter_spacing_laptop":{"unit":"px","size":"","sizes":[]},"pafe_form_style_label_letter_spacing_tablet":{"unit":"px","size":"","sizes":[]},"pafe_form_style_label_letter_spacing_mobile_extra":{"unit":"px","size":"","sizes":[]},"pafe_form_style_label_letter_spacing_mobile":{"unit":"px","size":"","sizes":[]},"pafe_form_style_label_word_spacing":{"unit":"px","size":"","sizes":[]},"pafe_form_style_label_word_spacing_laptop":{"unit":"px","size":"","sizes":[]},"pafe_form_style_label_word_spacing_tablet":{"unit":"em","size":"","sizes":[]},"pafe_form_style_label_word_spacing_mobile_extra":{"unit":"px","size":"","sizes":[]},"pafe_form_style_label_word_spacing_mobile":{"unit":"em","size":"","sizes":[]},"pafe_form_style_label_color":"#000","pafe_form_style_label_spacing":{"unit":"px","size":0,"sizes":[]},"pafe_form_style_label_spacing_laptop":{"unit":"px","size":"","sizes":[]},"pafe_form_style_label_spacing_tablet":{"unit":"px","size":"","sizes":[]},"pafe_form_style_label_spacing_mobile_extra":{"unit":"px","size":"","sizes":[]},"pafe_form_style_label_spacing_mobile":{"unit":"px","size":"","sizes":[]},"pafe_form_style_placeholder_typography":"","pafe_form_style_placeholder_font_family":"","pafe_form_style_placeholder_font_size":{"unit":"px","size":"","sizes":[]},"pafe_form_style_placeholder_font_size_laptop":{"unit":"px","size":"","sizes":[]},"pafe_form_style_placeholder_font_size_tablet":{"unit":"px","size":"","sizes":[]},"pafe_form_style_placeholder_font_size_mobile_extra":{"unit":"px","size":"","sizes":[]},"pafe_form_style_placeholder_font_size_mobile":{"unit":"px","size":"","sizes":[]},"pafe_form_style_placeholder_font_weight":"","pafe_form_style_placeholder_text_transform":"","pafe_form_style_placeholder_font_style":"","pafe_form_style_placeholder_text_decoration":"","pafe_form_style_placeholder_line_height":{"unit":"px","size":"","sizes":[]},"pafe_form_style_placeholder_line_height_laptop":{"unit":"px","size":"","sizes":[]},"pafe_form_style_placeholder_line_height_tablet":{"unit":"em","size":"","sizes":[]},"pafe_form_style_placeholder_line_height_mobile_extra":{"unit":"px","size":"","sizes":[]},"pafe_form_style_placeholder_line_height_mobile":{"unit":"em","size":"","sizes":[]},"pafe_form_style_placeholder_letter_spacing":{"unit":"px","size":"","sizes":[]},"pafe_form_style_placeholder_letter_spacing_laptop":{"unit":"px","size":"","sizes":[]},"pafe_form_style_placeholder_letter_spacing_tablet":{"unit":"px","size":"","sizes":[]},"pafe_form_style_placeholder_letter_spacing_mobile_extra":{"unit":"px","size":"","sizes":[]},"pafe_form_style_placeholder_letter_spacing_mobile":{"unit":"px","size":"","sizes":[]},"pafe_form_style_placeholder_word_spacing":{"unit":"px","size":"","sizes":[]},"pafe_form_style_placeholder_word_spacing_laptop":{"unit":"px","size":"","sizes":[]},"pafe_form_style_placeholder_word_spacing_tablet":{"unit":"em","size":"","sizes":[]},"pafe_form_style_placeholder_word_spacing_mobile_extra":{"unit":"px","size":"","sizes":[]},"pafe_form_style_placeholder_word_spacing_mobile":{"unit":"em","size":"","sizes":[]},"pafe_form_style_placeholder_color":"#7D7676","pafe_form_style_button_typography":"","pafe_form_style_button_font_family":"","pafe_form_style_button_font_size":{"unit":"px","size":"","sizes":[]},"pafe_form_style_button_font_size_laptop":{"unit":"px","size":"","sizes":[]},"pafe_form_style_button_font_size_tablet":{"unit":"px","size":"","sizes":[]},"pafe_form_style_button_font_size_mobile_extra":{"unit":"px","size":"","sizes":[]},"pafe_form_style_button_font_size_mobile":{"unit":"px","size":"","sizes":[]},"pafe_form_style_button_font_weight":"","pafe_form_style_button_text_transform":"","pafe_form_style_button_font_style":"","pafe_form_style_button_text_decoration":"","pafe_form_style_button_line_height":{"unit":"px","size":"","sizes":[]},"pafe_form_style_button_line_height_laptop":{"unit":"px","size":"","sizes":[]},"pafe_form_style_button_line_height_tablet":{"unit":"em","size":"","sizes":[]},"pafe_form_style_button_line_height_mobile_extra":{"unit":"px","size":"","sizes":[]},"pafe_form_style_button_line_height_mobile":{"unit":"em","size":"","sizes":[]},"pafe_form_style_button_letter_spacing":{"unit":"px","size":"","sizes":[]},"pafe_form_style_button_letter_spacing_laptop":{"unit":"px","size":"","sizes":[]},"pafe_form_style_button_letter_spacing_tablet":{"unit":"px","size":"","sizes":[]},"pafe_form_style_button_letter_spacing_mobile_extra":{"unit":"px","size":"","sizes":[]},"pafe_form_style_button_letter_spacing_mobile":{"unit":"px","size":"","sizes":[]},"pafe_form_style_button_word_spacing":{"unit":"px","size":"","sizes":[]},"pafe_form_style_button_word_spacing_laptop":{"unit":"px","size":"","sizes":[]},"pafe_form_style_button_word_spacing_tablet":{"unit":"em","size":"","sizes":[]},"pafe_form_style_button_word_spacing_mobile_extra":{"unit":"px","size":"","sizes":[]},"pafe_form_style_button_word_spacing_mobile":{"unit":"em","size":"","sizes":[]},"pafe_form_style_button_width":{"unit":"%","size":100,"sizes":[]},"pafe_form_style_button_width_laptop":{"unit":"px","size":"","sizes":[]},"pafe_form_style_button_width_tablet":{"unit":"px","size":"","sizes":[]},"pafe_form_style_button_width_mobile_extra":{"unit":"px","size":"","sizes":[]},"pafe_form_style_button_width_mobile":{"unit":"px","size":"","sizes":[]},"pafe_form_style_margin":{"unit":"px","top":"","right":"","bottom":"","left":"","isLinked":true},"pafe_form_style_margin_laptop":{"unit":"px","top":"","right":"","bottom":"","left":"","isLinked":true},"pafe_form_style_margin_tablet":{"unit":"px","top":"","right":"","bottom":"","left":"","isLinked":true},"pafe_form_style_margin_mobile_extra":{"unit":"px","top":"","right":"","bottom":"","left":"","isLinked":true},"pafe_form_style_margin_mobile":{"unit":"px","top":"","right":"","bottom":"","left":"","isLinked":true},"pafe_form_style_button_color_normal":"#fff","pafe_form_style_background_color_normal":"#6EC1E4","pafe_form_style_button_color_hover":"#fff","pafe_form_style_background_color_hover":"#04A5E9","pafe_form_style_button_padding":{"unit":"px","top":"","right":"","bottom":"","left":"","isLinked":true},"pafe_form_style_button_padding_laptop":{"unit":"px","top":"","right":"","bottom":"","left":"","isLinked":true},"pafe_form_style_button_padding_tablet":{"unit":"px","top":"","right":"","bottom":"","left":"","isLinked":true},"pafe_form_style_button_padding_mobile_extra":{"unit":"px","top":"","right":"","bottom":"","left":"","isLinked":true},"pafe_form_style_button_padding_mobile":{"unit":"px","top":"","right":"","bottom":"","left":"","isLinked":true},"pafe_form_style_button_border_border":"","pafe_form_style_button_border_width":{"unit":"px","top":"","right":"","bottom":"","left":"","isLinked":true},"pafe_form_style_button_border_width_laptop":{"unit":"px","top":"","right":"","bottom":"","left":"","isLinked":true},"pafe_form_style_button_border_width_tablet":{"unit":"px","top":"","right":"","bottom":"","left":"","isLinked":true},"pafe_form_style_button_border_width_mobile_extra":{"unit":"px","top":"","right":"","bottom":"","left":"","isLinked":true},"pafe_form_style_button_border_width_mobile":{"unit":"px","top":"","right":"","bottom":"","left":"","isLinked":true},"pafe_form_style_button_border_color":"","pafe_form_style_button_border_radius":{"unit":"px","top":"","right":"","bottom":"","left":"","isLinked":true},"pafe_form_style_button_border_radius_laptop":{"unit":"px","top":"","right":"","bottom":"","left":"","isLinked":true},"pafe_form_style_button_border_radius_tablet":{"unit":"px","top":"","right":"","bottom":"","left":"","isLinked":true},"pafe_form_style_button_border_radius_mobile_extra":{"unit":"px","top":"","right":"","bottom":"","left":"","isLinked":true},"pafe_form_style_button_border_radius_mobile":{"unit":"px","top":"","right":"","bottom":"","left":"","isLinked":true},"_flex_align_self_mobile_extra":"center","align_tablet":"center"},"elements":[],"isInner":false,"widgetType":"heading","elType":"widget"},{"id":"231dc09d","settings":{"image":{"id":"231","url":"http:\/\/localhost\/wakil\/wp-content\/uploads\/2024\/05\/border_icon-3.png"},"width":{"unit":"%","size":100,"sizes":[]},"space":{"unit":"px","size":36,"sizes":[]},"space_tablet":{"unit":"px","size":"","sizes":[]},"space_mobile":{"unit":"px","size":"","sizes":[]},"height":{"unit":"px","size":30,"sizes":[]},"object-fit":"contain","_margin":{"unit":"px","top":"0","right":"0","bottom":"0","left":"0","isLinked":false},"_padding":{"unit":"px","top":"0","right":"120","bottom":"0","left":"120","isLinked":false},"_css_classes":"before_after_border left_side_image_conatin","_animation":"slideInUp","align":"center","_flex_align_self":"center","_flex_size":"shrink","_margin_laptop":{"unit":"px","top":"0","right":"0","bottom":"0","left":"0","isLinked":false},"_flex_align_self_mobile_extra":"center","pafe_tooltip":"","pafe_tooltip_content_type":"content","pafe_tooltip_content_wysiwyg":"","pafe_tooltip_content_saved_template":"","pafe_tooltip_content_image":{"url":"http:\/\/localhost\/wakil\/wp-content\/plugins\/elementor\/assets\/images\/placeholder.png","id":"","size":""},"pafe_tooltip_duration":"300","pafe_tooltip_distance":"5","pafe_tooltip_animation_type":"scale","pafe_tooltip_placement":"top","pafe_tooltip_content_color":"#fff","pafe_tooltip_custom_width":"","pafe_tooltip_content_width":{"unit":"%","size":100,"sizes":[]},"pafe_tooltip_content_width_laptop":{"unit":"px","size":"","sizes":[]},"pafe_tooltip_content_width_tablet":{"unit":"px","size":"","sizes":[]},"pafe_tooltip_content_width_mobile_extra":{"unit":"px","size":"","sizes":[]},"pafe_tooltip_content_width_mobile":{"unit":"px","size":"","sizes":[]},"pafe_tooltip_background_color":"#000","pafe_tooltip_label_typography_typography":"","pafe_tooltip_label_typography_font_family":"","pafe_tooltip_label_typography_font_size":{"unit":"px","size":"","sizes":[]},"pafe_tooltip_label_typography_font_size_laptop":{"unit":"px","size":"","sizes":[]},"pafe_tooltip_label_typography_font_size_tablet":{"unit":"px","size":"","sizes":[]},"pafe_tooltip_label_typography_font_size_mobile_extra":{"unit":"px","size":"","sizes":[]},"pafe_tooltip_label_typography_font_size_mobile":{"unit":"px","size":"","sizes":[]},"pafe_tooltip_label_typography_font_weight":"","pafe_tooltip_label_typography_text_transform":"","pafe_tooltip_label_typography_font_style":"","pafe_tooltip_label_typography_text_decoration":"","pafe_tooltip_label_typography_line_height":{"unit":"px","size":"","sizes":[]},"pafe_tooltip_label_typography_line_height_laptop":{"unit":"px","size":"","sizes":[]},"pafe_tooltip_label_typography_line_height_tablet":{"unit":"em","size":"","sizes":[]},"pafe_tooltip_label_typography_line_height_mobile_extra":{"unit":"px","size":"","sizes":[]},"pafe_tooltip_label_typography_line_height_mobile":{"unit":"em","size":"","sizes":[]},"pafe_tooltip_label_typography_letter_spacing":{"unit":"px","size":"","sizes":[]},"pafe_tooltip_label_typography_letter_spacing_laptop":{"unit":"px","size":"","sizes":[]},"pafe_tooltip_label_typography_letter_spacing_tablet":{"unit":"px","size":"","sizes":[]},"pafe_tooltip_label_typography_letter_spacing_mobile_extra":{"unit":"px","size":"","sizes":[]},"pafe_tooltip_label_typography_letter_spacing_mobile":{"unit":"px","size":"","sizes":[]},"pafe_tooltip_label_typography_word_spacing":{"unit":"px","size":"","sizes":[]},"pafe_tooltip_label_typography_word_spacing_laptop":{"unit":"px","size":"","sizes":[]},"pafe_tooltip_label_typography_word_spacing_tablet":{"unit":"em","size":"","sizes":[]},"pafe_tooltip_label_typography_word_spacing_mobile_extra":{"unit":"px","size":"","sizes":[]},"pafe_tooltip_label_typography_word_spacing_mobile":{"unit":"em","size":"","sizes":[]},"pafe_form_style":"","pafe_form_style_width":{"unit":"%","size":100,"sizes":[]},"pafe_form_style_width_laptop":{"unit":"px","size":"","sizes":[]},"pafe_form_style_width_tablet":{"unit":"px","size":"","sizes":[]},"pafe_form_style_width_mobile_extra":{"unit":"px","size":"","sizes":[]},"pafe_form_style_width_mobile":{"unit":"px","size":"","sizes":[]},"pafe_form_style_align":"","pafe_form_style_align_laptop":"","pafe_form_style_align_tablet":"","pafe_form_style_align_mobile_extra":"","pafe_form_style_align_mobile":"","pafe_form_style_row_gap":{"unit":"px","size":20,"sizes":[]},"pafe_form_style_row_gap_laptop":{"unit":"px","size":"","sizes":[]},"pafe_form_style_row_gap_tablet":{"unit":"px","size":"","sizes":[]},"pafe_form_style_row_gap_mobile_extra":{"unit":"px","size":"","sizes":[]},"pafe_form_style_row_gap_mobile":{"unit":"px","size":"","sizes":[]},"pafe_form_style_padding":{"unit":"px","top":"","right":"","bottom":"","left":"","isLinked":true},"pafe_form_style_padding_laptop":{"unit":"px","top":"","right":"","bottom":"","left":"","isLinked":true},"pafe_form_style_padding_tablet":{"unit":"px","top":"","right":"","bottom":"","left":"","isLinked":true},"pafe_form_style_padding_mobile_extra":{"unit":"px","top":"","right":"","bottom":"","left":"","isLinked":true},"pafe_form_style_padding_mobile":{"unit":"px","top":"","right":"","bottom":"","left":"","isLinked":true},"pafe_form_style_input_border_border":"","pafe_form_style_input_border_width":{"unit":"px","top":"","right":"","bottom":"","left":"","isLinked":true},"pafe_form_style_input_border_width_laptop":{"unit":"px","top":"","right":"","bottom":"","left":"","isLinked":true},"pafe_form_style_input_border_width_tablet":{"unit":"px","top":"","right":"","bottom":"","left":"","isLinked":true},"pafe_form_style_input_border_width_mobile_extra":{"unit":"px","top":"","right":"","bottom":"","left":"","isLinked":true},"pafe_form_style_input_border_width_mobile":{"unit":"px","top":"","right":"","bottom":"","left":"","isLinked":true},"pafe_form_style_input_border_color":"","pafe_form_style_input_border_radius":{"unit":"px","top":"","right":"","bottom":"","left":"","isLinked":true},"pafe_form_style_input_border_radius_laptop":{"unit":"px","top":"","right":"","bottom":"","left":"","isLinked":true},"pafe_form_style_input_border_radius_tablet":{"unit":"px","top":"","right":"","bottom":"","left":"","isLinked":true},"pafe_form_style_input_border_radius_mobile_extra":{"unit":"px","top":"","right":"","bottom":"","left":"","isLinked":true},"pafe_form_style_input_border_radius_mobile":{"unit":"px","top":"","right":"","bottom":"","left":"","isLinked":true},"pafe_form_style_area_padding":{"unit":"px","top":"","right":"","bottom":"","left":"","isLinked":true},"pafe_form_style_area_padding_laptop":{"unit":"px","top":"","right":"","bottom":"","left":"","isLinked":true},"pafe_form_style_area_padding_tablet":{"unit":"px","top":"","right":"","bottom":"","left":"","isLinked":true},"pafe_form_style_area_padding_mobile_extra":{"unit":"px","top":"","right":"","bottom":"","left":"","isLinked":true},"pafe_form_style_area_padding_mobile":{"unit":"px","top":"","right":"","bottom":"","left":"","isLinked":true},"pafe_form_style_background_color":"#f1f1f1","pafe_form_style_label_typography":"","pafe_form_style_label_font_family":"","pafe_form_style_label_font_size":{"unit":"px","size":"","sizes":[]},"pafe_form_style_label_font_size_laptop":{"unit":"px","size":"","sizes":[]},"pafe_form_style_label_font_size_tablet":{"unit":"px","size":"","sizes":[]},"pafe_form_style_label_font_size_mobile_extra":{"unit":"px","size":"","sizes":[]},"pafe_form_style_label_font_size_mobile":{"unit":"px","size":"","sizes":[]},"pafe_form_style_label_font_weight":"","pafe_form_style_label_text_transform":"","pafe_form_style_label_font_style":"","pafe_form_style_label_text_decoration":"","pafe_form_style_label_line_height":{"unit":"px","size":"","sizes":[]},"pafe_form_style_label_line_height_laptop":{"unit":"px","size":"","sizes":[]},"pafe_form_style_label_line_height_tablet":{"unit":"em","size":"","sizes":[]},"pafe_form_style_label_line_height_mobile_extra":{"unit":"px","size":"","sizes":[]},"pafe_form_style_label_line_height_mobile":{"unit":"em","size":"","sizes":[]},"pafe_form_style_label_letter_spacing":{"unit":"px","size":"","sizes":[]},"pafe_form_style_label_letter_spacing_laptop":{"unit":"px","size":"","sizes":[]},"pafe_form_style_label_letter_spacing_tablet":{"unit":"px","size":"","sizes":[]},"pafe_form_style_label_letter_spacing_mobile_extra":{"unit":"px","size":"","sizes":[]},"pafe_form_style_label_letter_spacing_mobile":{"unit":"px","size":"","sizes":[]},"pafe_form_style_label_word_spacing":{"unit":"px","size":"","sizes":[]},"pafe_form_style_label_word_spacing_laptop":{"unit":"px","size":"","sizes":[]},"pafe_form_style_label_word_spacing_tablet":{"unit":"em","size":"","sizes":[]},"pafe_form_style_label_word_spacing_mobile_extra":{"unit":"px","size":"","sizes":[]},"pafe_form_style_label_word_spacing_mobile":{"unit":"em","size":"","sizes":[]},"pafe_form_style_label_color":"#000","pafe_form_style_label_spacing":{"unit":"px","size":0,"sizes":[]},"pafe_form_style_label_spacing_laptop":{"unit":"px","size":"","sizes":[]},"pafe_form_style_label_spacing_tablet":{"unit":"px","size":"","sizes":[]},"pafe_form_style_label_spacing_mobile_extra":{"unit":"px","size":"","sizes":[]},"pafe_form_style_label_spacing_mobile":{"unit":"px","size":"","sizes":[]},"pafe_form_style_placeholder_typography":"","pafe_form_style_placeholder_font_family":"","pafe_form_style_placeholder_font_size":{"unit":"px","size":"","sizes":[]},"pafe_form_style_placeholder_font_size_laptop":{"unit":"px","size":"","sizes":[]},"pafe_form_style_placeholder_font_size_tablet":{"unit":"px","size":"","sizes":[]},"pafe_form_style_placeholder_font_size_mobile_extra":{"unit":"px","size":"","sizes":[]},"pafe_form_style_placeholder_font_size_mobile":{"unit":"px","size":"","sizes":[]},"pafe_form_style_placeholder_font_weight":"","pafe_form_style_placeholder_text_transform":"","pafe_form_style_placeholder_font_style":"","pafe_form_style_placeholder_text_decoration":"","pafe_form_style_placeholder_line_height":{"unit":"px","size":"","sizes":[]},"pafe_form_style_placeholder_line_height_laptop":{"unit":"px","size":"","sizes":[]},"pafe_form_style_placeholder_line_height_tablet":{"unit":"em","size":"","sizes":[]},"pafe_form_style_placeholder_line_height_mobile_extra":{"unit":"px","size":"","sizes":[]},"pafe_form_style_placeholder_line_height_mobile":{"unit":"em","size":"","sizes":[]},"pafe_form_style_placeholder_letter_spacing":{"unit":"px","size":"","sizes":[]},"pafe_form_style_placeholder_letter_spacing_laptop":{"unit":"px","size":"","sizes":[]},"pafe_form_style_placeholder_letter_spacing_tablet":{"unit":"px","size":"","sizes":[]},"pafe_form_style_placeholder_letter_spacing_mobile_extra":{"unit":"px","size":"","sizes":[]},"pafe_form_style_placeholder_letter_spacing_mobile":{"unit":"px","size":"","sizes":[]},"pafe_form_style_placeholder_word_spacing":{"unit":"px","size":"","sizes":[]},"pafe_form_style_placeholder_word_spacing_laptop":{"unit":"px","size":"","sizes":[]},"pafe_form_style_placeholder_word_spacing_tablet":{"unit":"em","size":"","sizes":[]},"pafe_form_style_placeholder_word_spacing_mobile_extra":{"unit":"px","size":"","sizes":[]},"pafe_form_style_placeholder_word_spacing_mobile":{"unit":"em","size":"","sizes":[]},"pafe_form_style_placeholder_color":"#7D7676","pafe_form_style_button_typography":"","pafe_form_style_button_font_family":"","pafe_form_style_button_font_size":{"unit":"px","size":"","sizes":[]},"pafe_form_style_button_font_size_laptop":{"unit":"px","size":"","sizes":[]},"pafe_form_style_button_font_size_tablet":{"unit":"px","size":"","sizes":[]},"pafe_form_style_button_font_size_mobile_extra":{"unit":"px","size":"","sizes":[]},"pafe_form_style_button_font_size_mobile":{"unit":"px","size":"","sizes":[]},"pafe_form_style_button_font_weight":"","pafe_form_style_button_text_transform":"","pafe_form_style_button_font_style":"","pafe_form_style_button_text_decoration":"","pafe_form_style_button_line_height":{"unit":"px","size":"","sizes":[]},"pafe_form_style_button_line_height_laptop":{"unit":"px","size":"","sizes":[]},"pafe_form_style_button_line_height_tablet":{"unit":"em","size":"","sizes":[]},"pafe_form_style_button_line_height_mobile_extra":{"unit":"px","size":"","sizes":[]},"pafe_form_style_button_line_height_mobile":{"unit":"em","size":"","sizes":[]},"pafe_form_style_button_letter_spacing":{"unit":"px","size":"","sizes":[]},"pafe_form_style_button_letter_spacing_laptop":{"unit":"px","size":"","sizes":[]},"pafe_form_style_button_letter_spacing_tablet":{"unit":"px","size":"","sizes":[]},"pafe_form_style_button_letter_spacing_mobile_extra":{"unit":"px","size":"","sizes":[]},"pafe_form_style_button_letter_spacing_mobile":{"unit":"px","size":"","sizes":[]},"pafe_form_style_button_word_spacing":{"unit":"px","size":"","sizes":[]},"pafe_form_style_button_word_spacing_laptop":{"unit":"px","size":"","sizes":[]},"pafe_form_style_button_word_spacing_tablet":{"unit":"em","size":"","sizes":[]},"pafe_form_style_button_word_spacing_mobile_extra":{"unit":"px","size":"","sizes":[]},"pafe_form_style_button_word_spacing_mobile":{"unit":"em","size":"","sizes":[]},"pafe_form_style_button_width":{"unit":"%","size":100,"sizes":[]},"pafe_form_style_button_width_laptop":{"unit":"px","size":"","sizes":[]},"pafe_form_style_button_width_tablet":{"unit":"px","size":"","sizes":[]},"pafe_form_style_button_width_mobile_extra":{"unit":"px","size":"","sizes":[]},"pafe_form_style_button_width_mobile":{"unit":"px","size":"","sizes":[]},"pafe_form_style_margin":{"unit":"px","top":"","right":"","bottom":"","left":"","isLinked":true},"pafe_form_style_margin_laptop":{"unit":"px","top":"","right":"","bottom":"","left":"","isLinked":true},"pafe_form_style_margin_tablet":{"unit":"px","top":"","right":"","bottom":"","left":"","isLinked":true},"pafe_form_style_margin_mobile_extra":{"unit":"px","top":"","right":"","bottom":"","left":"","isLinked":true},"pafe_form_style_margin_mobile":{"unit":"px","top":"","right":"","bottom":"","left":"","isLinked":true},"pafe_form_style_button_color_normal":"#fff","pafe_form_style_background_color_normal":"#6EC1E4","pafe_form_style_button_color_hover":"#fff","pafe_form_style_background_color_hover":"#04A5E9","pafe_form_style_button_padding":{"unit":"px","top":"","right":"","bottom":"","left":"","isLinked":true},"pafe_form_style_button_padding_laptop":{"unit":"px","top":"","right":"","bottom":"","left":"","isLinked":true},"pafe_form_style_button_padding_tablet":{"unit":"px","top":"","right":"","bottom":"","left":"","isLinked":true},"pafe_form_style_button_padding_mobile_extra":{"unit":"px","top":"","right":"","bottom":"","left":"","isLinked":true},"pafe_form_style_button_padding_mobile":{"unit":"px","top":"","right":"","bottom":"","left":"","isLinked":true},"pafe_form_style_button_border_border":"","pafe_form_style_button_border_width":{"unit":"px","top":"","right":"","bottom":"","left":"","isLinked":true},"pafe_form_style_button_border_width_laptop":{"unit":"px","top":"","right":"","bottom":"","left":"","isLinked":true},"pafe_form_style_button_border_width_tablet":{"unit":"px","top":"","right":"","bottom":"","left":"","isLinked":true},"pafe_form_style_button_border_width_mobile_extra":{"unit":"px","top":"","right":"","bottom":"","left":"","isLinked":true},"pafe_form_style_button_border_width_mobile":{"unit":"px","top":"","right":"","bottom":"","left":"","isLinked":true},"pafe_form_style_button_border_color":"","pafe_form_style_button_border_radius":{"unit":"px","top":"","right":"","bottom":"","left":"","isLinked":true},"pafe_form_style_button_border_radius_laptop":{"unit":"px","top":"","right":"","bottom":"","left":"","isLinked":true},"pafe_form_style_button_border_radius_tablet":{"unit":"px","top":"","right":"","bottom":"","left":"","isLinked":true},"pafe_form_style_button_border_radius_mobile_extra":{"unit":"px","top":"","right":"","bottom":"","left":"","isLinked":true},"pafe_form_style_button_border_radius_mobile":{"unit":"px","top":"","right":"","bottom":"","left":"","isLinked":true},"_flex_align_self_tablet":"center"},"elements":[],"isInner":false,"widgetType":"image","elType":"widget"},{"id":"2882250f","settings":{"title":"Your 100% free (no obligation) consultation is always with a practicing attorney from our offices. The details you share are held in strict confidence. By submitting a request, you agree to our privacy policy.","align":"center","typography_typography":"custom","typography_font_family":"Mulish","typography_font_size":{"unit":"px","size":18,"sizes":[]},"typography_font_size_mobile":{"unit":"px","size":16,"sizes":[]},"typography_font_weight":"500","typography_text_transform":"none","typography_font_style":"normal","typography_text_decoration":"none","typography_line_height":{"unit":"px","size":30,"sizes":[]},"typography_line_height_tablet":{"unit":"px","size":"","sizes":[]},"typography_line_height_mobile":{"unit":"px","size":"","sizes":[]},"typography_letter_spacing":{"unit":"px","size":0,"sizes":[]},"typography_word_spacing":{"unit":"px","size":0,"sizes":[]},"_margin":{"unit":"px","top":"0","right":"0","bottom":"0","left":"0","isLinked":false},"_padding":{"unit":"px","top":"40","right":"0","bottom":"60","left":"0","isLinked":false},"__globals__":{"title_color":"globals\/colors?id=977c281"},"view":"traditional","pafe_gradient_text":"","pafe_gradient_text_color":"#670093","pafe_gradient_text_color_stop":{"unit":"%","size":0,"sizes":[]},"pafe_gradient_text_color_b":"#f2295b","pafe_gradient_text_color_b_stop":{"unit":"%","size":100,"sizes":[]},"pafe_gradient_text_gradient_type":"linear","pafe_gradient_text_gradient_angle":{"unit":"deg","size":180,"sizes":[]},"pafe_gradient_text_gradient_position":"center center","_offset_x":{"unit":"px","size":"0","sizes":[]},"_offset_x_end":{"unit":"px","size":"0","sizes":[]},"_offset_y":{"unit":"px","size":"0","sizes":[]},"_offset_y_end":{"unit":"px","size":"0","sizes":[]},"pafe_tooltip":"","pafe_tooltip_content_type":"content","pafe_tooltip_content_wysiwyg":"","pafe_tooltip_content_saved_template":"","pafe_tooltip_content_image":{"url":"http:\/\/localhost\/wakil\/wp-content\/plugins\/elementor\/assets\/images\/placeholder.png","id":"","size":""},"pafe_tooltip_duration":"300","pafe_tooltip_distance":"5","pafe_tooltip_animation_type":"scale","pafe_tooltip_placement":"top","pafe_tooltip_content_color":"#fff","pafe_tooltip_custom_width":"","pafe_tooltip_content_width":{"unit":"%","size":100,"sizes":[]},"pafe_tooltip_content_width_laptop":{"unit":"px","size":"","sizes":[]},"pafe_tooltip_content_width_tablet":{"unit":"px","size":"","sizes":[]},"pafe_tooltip_content_width_mobile_extra":{"unit":"px","size":"","sizes":[]},"pafe_tooltip_content_width_mobile":{"unit":"px","size":"","sizes":[]},"pafe_tooltip_background_color":"#000","pafe_tooltip_label_typography_typography":"","pafe_tooltip_label_typography_font_family":"","pafe_tooltip_label_typography_font_size":{"unit":"px","size":"","sizes":[]},"pafe_tooltip_label_typography_font_size_laptop":{"unit":"px","size":"","sizes":[]},"pafe_tooltip_label_typography_font_size_tablet":{"unit":"px","size":"","sizes":[]},"pafe_tooltip_label_typography_font_size_mobile_extra":{"unit":"px","size":"","sizes":[]},"pafe_tooltip_label_typography_font_size_mobile":{"unit":"px","size":"","sizes":[]},"pafe_tooltip_label_typography_font_weight":"","pafe_tooltip_label_typography_text_transform":"","pafe_tooltip_label_typography_font_style":"","pafe_tooltip_label_typography_text_decoration":"","pafe_tooltip_label_typography_line_height":{"unit":"px","size":"","sizes":[]},"pafe_tooltip_label_typography_line_height_laptop":{"unit":"px","size":"","sizes":[]},"pafe_tooltip_label_typography_line_height_tablet":{"unit":"em","size":"","sizes":[]},"pafe_tooltip_label_typography_line_height_mobile_extra":{"unit":"px","size":"","sizes":[]},"pafe_tooltip_label_typography_line_height_mobile":{"unit":"em","size":"","sizes":[]},"pafe_tooltip_label_typography_letter_spacing":{"unit":"px","size":"","sizes":[]},"pafe_tooltip_label_typography_letter_spacing_laptop":{"unit":"px","size":"","sizes":[]},"pafe_tooltip_label_typography_letter_spacing_tablet":{"unit":"px","size":"","sizes":[]},"pafe_tooltip_label_typography_letter_spacing_mobile_extra":{"unit":"px","size":"","sizes":[]},"pafe_tooltip_label_typography_letter_spacing_mobile":{"unit":"px","size":"","sizes":[]},"pafe_tooltip_label_typography_word_spacing":{"unit":"px","size":"","sizes":[]},"pafe_tooltip_label_typography_word_spacing_laptop":{"unit":"px","size":"","sizes":[]},"pafe_tooltip_label_typography_word_spacing_tablet":{"unit":"em","size":"","sizes":[]},"pafe_tooltip_label_typography_word_spacing_mobile_extra":{"unit":"px","size":"","sizes":[]},"pafe_tooltip_label_typography_word_spacing_mobile":{"unit":"em","size":"","sizes":[]},"pafe_form_style":"","pafe_form_style_width":{"unit":"%","size":100,"sizes":[]},"pafe_form_style_width_laptop":{"unit":"px","size":"","sizes":[]},"pafe_form_style_width_tablet":{"unit":"px","size":"","sizes":[]},"pafe_form_style_width_mobile_extra":{"unit":"px","size":"","sizes":[]},"pafe_form_style_width_mobile":{"unit":"px","size":"","sizes":[]},"pafe_form_style_align":"","pafe_form_style_align_laptop":"","pafe_form_style_align_tablet":"","pafe_form_style_align_mobile_extra":"","pafe_form_style_align_mobile":"","pafe_form_style_row_gap":{"unit":"px","size":20,"sizes":[]},"pafe_form_style_row_gap_laptop":{"unit":"px","size":"","sizes":[]},"pafe_form_style_row_gap_tablet":{"unit":"px","size":"","sizes":[]},"pafe_form_style_row_gap_mobile_extra":{"unit":"px","size":"","sizes":[]},"pafe_form_style_row_gap_mobile":{"unit":"px","size":"","sizes":[]},"pafe_form_style_padding":{"unit":"px","top":"","right":"","bottom":"","left":"","isLinked":true},"pafe_form_style_padding_laptop":{"unit":"px","top":"","right":"","bottom":"","left":"","isLinked":true},"pafe_form_style_padding_tablet":{"unit":"px","top":"","right":"","bottom":"","left":"","isLinked":true},"pafe_form_style_padding_mobile_extra":{"unit":"px","top":"","right":"","bottom":"","left":"","isLinked":true},"pafe_form_style_padding_mobile":{"unit":"px","top":"","right":"","bottom":"","left":"","isLinked":true},"pafe_form_style_input_border_border":"","pafe_form_style_input_border_width":{"unit":"px","top":"","right":"","bottom":"","left":"","isLinked":true},"pafe_form_style_input_border_width_laptop":{"unit":"px","top":"","right":"","bottom":"","left":"","isLinked":true},"pafe_form_style_input_border_width_tablet":{"unit":"px","top":"","right":"","bottom":"","left":"","isLinked":true},"pafe_form_style_input_border_width_mobile_extra":{"unit":"px","top":"","right":"","bottom":"","left":"","isLinked":true},"pafe_form_style_input_border_width_mobile":{"unit":"px","top":"","right":"","bottom":"","left":"","isLinked":true},"pafe_form_style_input_border_color":"","pafe_form_style_input_border_radius":{"unit":"px","top":"","right":"","bottom":"","left":"","isLinked":true},"pafe_form_style_input_border_radius_laptop":{"unit":"px","top":"","right":"","bottom":"","left":"","isLinked":true},"pafe_form_style_input_border_radius_tablet":{"unit":"px","top":"","right":"","bottom":"","left":"","isLinked":true},"pafe_form_style_input_border_radius_mobile_extra":{"unit":"px","top":"","right":"","bottom":"","left":"","isLinked":true},"pafe_form_style_input_border_radius_mobile":{"unit":"px","top":"","right":"","bottom":"","left":"","isLinked":true},"pafe_form_style_area_padding":{"unit":"px","top":"","right":"","bottom":"","left":"","isLinked":true},"pafe_form_style_area_padding_laptop":{"unit":"px","top":"","right":"","bottom":"","left":"","isLinked":true},"pafe_form_style_area_padding_tablet":{"unit":"px","top":"","right":"","bottom":"","left":"","isLinked":true},"pafe_form_style_area_padding_mobile_extra":{"unit":"px","top":"","right":"","bottom":"","left":"","isLinked":true},"pafe_form_style_area_padding_mobile":{"unit":"px","top":"","right":"","bottom":"","left":"","isLinked":true},"pafe_form_style_background_color":"#f1f1f1","pafe_form_style_label_typography":"","pafe_form_style_label_font_family":"","pafe_form_style_label_font_size":{"unit":"px","size":"","sizes":[]},"pafe_form_style_label_font_size_laptop":{"unit":"px","size":"","sizes":[]},"pafe_form_style_label_font_size_tablet":{"unit":"px","size":"","sizes":[]},"pafe_form_style_label_font_size_mobile_extra":{"unit":"px","size":"","sizes":[]},"pafe_form_style_label_font_size_mobile":{"unit":"px","size":"","sizes":[]},"pafe_form_style_label_font_weight":"","pafe_form_style_label_text_transform":"","pafe_form_style_label_font_style":"","pafe_form_style_label_text_decoration":"","pafe_form_style_label_line_height":{"unit":"px","size":"","sizes":[]},"pafe_form_style_label_line_height_laptop":{"unit":"px","size":"","sizes":[]},"pafe_form_style_label_line_height_tablet":{"unit":"em","size":"","sizes":[]},"pafe_form_style_label_line_height_mobile_extra":{"unit":"px","size":"","sizes":[]},"pafe_form_style_label_line_height_mobile":{"unit":"em","size":"","sizes":[]},"pafe_form_style_label_letter_spacing":{"unit":"px","size":"","sizes":[]},"pafe_form_style_label_letter_spacing_laptop":{"unit":"px","size":"","sizes":[]},"pafe_form_style_label_letter_spacing_tablet":{"unit":"px","size":"","sizes":[]},"pafe_form_style_label_letter_spacing_mobile_extra":{"unit":"px","size":"","sizes":[]},"pafe_form_style_label_letter_spacing_mobile":{"unit":"px","size":"","sizes":[]},"pafe_form_style_label_word_spacing":{"unit":"px","size":"","sizes":[]},"pafe_form_style_label_word_spacing_laptop":{"unit":"px","size":"","sizes":[]},"pafe_form_style_label_word_spacing_tablet":{"unit":"em","size":"","sizes":[]},"pafe_form_style_label_word_spacing_mobile_extra":{"unit":"px","size":"","sizes":[]},"pafe_form_style_label_word_spacing_mobile":{"unit":"em","size":"","sizes":[]},"pafe_form_style_label_color":"#000","pafe_form_style_label_spacing":{"unit":"px","size":0,"sizes":[]},"pafe_form_style_label_spacing_laptop":{"unit":"px","size":"","sizes":[]},"pafe_form_style_label_spacing_tablet":{"unit":"px","size":"","sizes":[]},"pafe_form_style_label_spacing_mobile_extra":{"unit":"px","size":"","sizes":[]},"pafe_form_style_label_spacing_mobile":{"unit":"px","size":"","sizes":[]},"pafe_form_style_placeholder_typography":"","pafe_form_style_placeholder_font_family":"","pafe_form_style_placeholder_font_size":{"unit":"px","size":"","sizes":[]},"pafe_form_style_placeholder_font_size_laptop":{"unit":"px","size":"","sizes":[]},"pafe_form_style_placeholder_font_size_tablet":{"unit":"px","size":"","sizes":[]},"pafe_form_style_placeholder_font_size_mobile_extra":{"unit":"px","size":"","sizes":[]},"pafe_form_style_placeholder_font_size_mobile":{"unit":"px","size":"","sizes":[]},"pafe_form_style_placeholder_font_weight":"","pafe_form_style_placeholder_text_transform":"","pafe_form_style_placeholder_font_style":"","pafe_form_style_placeholder_text_decoration":"","pafe_form_style_placeholder_line_height":{"unit":"px","size":"","sizes":[]},"pafe_form_style_placeholder_line_height_laptop":{"unit":"px","size":"","sizes":[]},"pafe_form_style_placeholder_line_height_tablet":{"unit":"em","size":"","sizes":[]},"pafe_form_style_placeholder_line_height_mobile_extra":{"unit":"px","size":"","sizes":[]},"pafe_form_style_placeholder_line_height_mobile":{"unit":"em","size":"","sizes":[]},"pafe_form_style_placeholder_letter_spacing":{"unit":"px","size":"","sizes":[]},"pafe_form_style_placeholder_letter_spacing_laptop":{"unit":"px","size":"","sizes":[]},"pafe_form_style_placeholder_letter_spacing_tablet":{"unit":"px","size":"","sizes":[]},"pafe_form_style_placeholder_letter_spacing_mobile_extra":{"unit":"px","size":"","sizes":[]},"pafe_form_style_placeholder_letter_spacing_mobile":{"unit":"px","size":"","sizes":[]},"pafe_form_style_placeholder_word_spacing":{"unit":"px","size":"","sizes":[]},"pafe_form_style_placeholder_word_spacing_laptop":{"unit":"px","size":"","sizes":[]},"pafe_form_style_placeholder_word_spacing_tablet":{"unit":"em","size":"","sizes":[]},"pafe_form_style_placeholder_word_spacing_mobile_extra":{"unit":"px","size":"","sizes":[]},"pafe_form_style_placeholder_word_spacing_mobile":{"unit":"em","size":"","sizes":[]},"pafe_form_style_placeholder_color":"#7D7676","pafe_form_style_button_typography":"","pafe_form_style_button_font_family":"","pafe_form_style_button_font_size":{"unit":"px","size":"","sizes":[]},"pafe_form_style_button_font_size_laptop":{"unit":"px","size":"","sizes":[]},"pafe_form_style_button_font_size_tablet":{"unit":"px","size":"","sizes":[]},"pafe_form_style_button_font_size_mobile_extra":{"unit":"px","size":"","sizes":[]},"pafe_form_style_button_font_size_mobile":{"unit":"px","size":"","sizes":[]},"pafe_form_style_button_font_weight":"","pafe_form_style_button_text_transform":"","pafe_form_style_button_font_style":"","pafe_form_style_button_text_decoration":"","pafe_form_style_button_line_height":{"unit":"px","size":"","sizes":[]},"pafe_form_style_button_line_height_laptop":{"unit":"px","size":"","sizes":[]},"pafe_form_style_button_line_height_tablet":{"unit":"em","size":"","sizes":[]},"pafe_form_style_button_line_height_mobile_extra":{"unit":"px","size":"","sizes":[]},"pafe_form_style_button_line_height_mobile":{"unit":"em","size":"","sizes":[]},"pafe_form_style_button_letter_spacing":{"unit":"px","size":"","sizes":[]},"pafe_form_style_button_letter_spacing_laptop":{"unit":"px","size":"","sizes":[]},"pafe_form_style_button_letter_spacing_tablet":{"unit":"px","size":"","sizes":[]},"pafe_form_style_button_letter_spacing_mobile_extra":{"unit":"px","size":"","sizes":[]},"pafe_form_style_button_letter_spacing_mobile":{"unit":"px","size":"","sizes":[]},"pafe_form_style_button_word_spacing":{"unit":"px","size":"","sizes":[]},"pafe_form_style_button_word_spacing_laptop":{"unit":"px","size":"","sizes":[]},"pafe_form_style_button_word_spacing_tablet":{"unit":"em","size":"","sizes":[]},"pafe_form_style_button_word_spacing_mobile_extra":{"unit":"px","size":"","sizes":[]},"pafe_form_style_button_word_spacing_mobile":{"unit":"em","size":"","sizes":[]},"pafe_form_style_button_width":{"unit":"%","size":100,"sizes":[]},"pafe_form_style_button_width_laptop":{"unit":"px","size":"","sizes":[]},"pafe_form_style_button_width_tablet":{"unit":"px","size":"","sizes":[]},"pafe_form_style_button_width_mobile_extra":{"unit":"px","size":"","sizes":[]},"pafe_form_style_button_width_mobile":{"unit":"px","size":"","sizes":[]},"pafe_form_style_margin":{"unit":"px","top":"","right":"","bottom":"","left":"","isLinked":true},"pafe_form_style_margin_laptop":{"unit":"px","top":"","right":"","bottom":"","left":"","isLinked":true},"pafe_form_style_margin_tablet":{"unit":"px","top":"","right":"","bottom":"","left":"","isLinked":true},"pafe_form_style_margin_mobile_extra":{"unit":"px","top":"","right":"","bottom":"","left":"","isLinked":true},"pafe_form_style_margin_mobile":{"unit":"px","top":"","right":"","bottom":"","left":"","isLinked":true},"pafe_form_style_button_color_normal":"#fff","pafe_form_style_background_color_normal":"#6EC1E4","pafe_form_style_button_color_hover":"#fff","pafe_form_style_background_color_hover":"#04A5E9","pafe_form_style_button_padding":{"unit":"px","top":"","right":"","bottom":"","left":"","isLinked":true},"pafe_form_style_button_padding_laptop":{"unit":"px","top":"","right":"","bottom":"","left":"","isLinked":true},"pafe_form_style_button_padding_tablet":{"unit":"px","top":"","right":"","bottom":"","left":"","isLinked":true},"pafe_form_style_button_padding_mobile_extra":{"unit":"px","top":"","right":"","bottom":"","left":"","isLinked":true},"pafe_form_style_button_padding_mobile":{"unit":"px","top":"","right":"","bottom":"","left":"","isLinked":true},"pafe_form_style_button_border_border":"","pafe_form_style_button_border_width":{"unit":"px","top":"","right":"","bottom":"","left":"","isLinked":true},"pafe_form_style_button_border_width_laptop":{"unit":"px","top":"","right":"","bottom":"","left":"","isLinked":true},"pafe_form_style_button_border_width_tablet":{"unit":"px","top":"","right":"","bottom":"","left":"","isLinked":true},"pafe_form_style_button_border_width_mobile_extra":{"unit":"px","top":"","right":"","bottom":"","left":"","isLinked":true},"pafe_form_style_button_border_width_mobile":{"unit":"px","top":"","right":"","bottom":"","left":"","isLinked":true},"pafe_form_style_button_border_color":"","pafe_form_style_button_border_radius":{"unit":"px","top":"","right":"","bottom":"","left":"","isLinked":true},"pafe_form_style_button_border_radius_laptop":{"unit":"px","top":"","right":"","bottom":"","left":"","isLinked":true},"pafe_form_style_button_border_radius_tablet":{"unit":"px","top":"","right":"","bottom":"","left":"","isLinked":true},"pafe_form_style_button_border_radius_mobile_extra":{"unit":"px","top":"","right":"","bottom":"","left":"","isLinked":true},"pafe_form_style_button_border_radius_mobile":{"unit":"px","top":"","right":"","bottom":"","left":"","isLinked":true},"align_tablet":"center","_padding_tablet_extra":{"unit":"px","top":"20","right":"0","bottom":"40","left":"0","isLinked":false},"_padding_mobile_extra":{"unit":"px","top":"20","right":"0","bottom":"20","left":"0","isLinked":false}},"elements":[],"isInner":false,"widgetType":"heading","elType":"widget"},{"id":"69328a5e","settings":{"content_width":"full","margin":{"unit":"px","top":"0","right":"0","bottom":"0","left":"0","isLinked":false},"padding":{"unit":"px","top":"0","right":"0","bottom":"0","left":"0","isLinked":false}},"elements":[{"id":"6f42a8f5","settings":{"shortcode":"[contact-form-7 id=\"cafdb7f\" title=\"Free Case Evaluation\"]"},"elements":[],"isInner":false,"widgetType":"shortcode","elType":"widget"}],"isInner":true,"elType":"container"}],"isInner":true,"elType":"container"}],"isInner":false,"elType":"container"}],"settings":{"template":"default"},"metadata":{"page_footer_style":"","author_image_id":""}}