{"content":[{"id":"573e1cff","settings":{"flex_direction":"column","content_width":"full","margin":{"unit":"px","top":"0","right":"0","bottom":"0","left":"0","isLinked":false},"padding":{"unit":"px","top":"100","right":"0","bottom":"100","left":"0","isLinked":false},"background_background":"classic","__globals__":{"background_color":"globals\/colors?id=text"}},"elements":[{"id":"2e819675","settings":{"content_width":"full","width":{"unit":"px","size":1200,"sizes":[]},"margin":{"unit":"px","top":"0","right":"0","bottom":"0","left":"0","isLinked":false},"padding":{"unit":"px","top":"0","right":"0","bottom":"0","left":"0","isLinked":false},"_flex_align_self":"center","width_tablet_extra":{"unit":"%","size":100,"sizes":[]},"width_tablet":{"unit":"%","size":"","sizes":[]},"width_mobile_extra":{"unit":"%","size":"","sizes":[]},"width_mobile":{"unit":"%","size":"","sizes":[]}},"elements":[{"id":"434fcd5e","settings":{"select_option":"option3","_margin":{"unit":"px","top":"0","right":"0","bottom":"0","left":"0","isLinked":false},"_padding":{"unit":"px","top":"0","right":"0","bottom":"0","left":"0","isLinked":false}},"elements":[],"isInner":false,"widgetType":"simple-feature-case","elType":"widget"}],"isInner":true,"elType":"container"}],"isInner":false,"elType":"container"},{"id":"3301a097","settings":{"content_width":"full","width":{"unit":"%","size":100,"sizes":[]},"width_laptop":{"unit":"%","size":"","sizes":[]},"width_tablet_extra":{"unit":"%","size":"","sizes":[]},"width_tablet":{"unit":"%","size":"","sizes":[]},"width_mobile_extra":{"unit":"%","size":"","sizes":[]},"width_mobile":{"unit":"%","size":"","sizes":[]},"margin":{"unit":"px","top":"0","right":"0","bottom":"0","left":"0","isLinked":false},"padding":{"unit":"px","top":"100","right":"0","bottom":"100","left":"0","isLinked":false},"background_background":"classic","__globals__":{"background_color":"globals\/colors?id=text"},"padding_laptop":{"unit":"px","top":"80","right":"0","bottom":"100","left":"0","isLinked":false},"padding_tablet_extra":{"unit":"px","top":"70","right":"0","bottom":"90","left":"0","isLinked":false},"padding_tablet":{"unit":"px","top":"60","right":"0","bottom":"80","left":"0","isLinked":false},"padding_mobile_extra":{"unit":"px","top":"50","right":"0","bottom":"70","left":"0","isLinked":false},"padding_mobile":{"unit":"px","top":"40","right":"0","bottom":"60","left":"0","isLinked":false}},"elements":[{"id":"4ee84c8e","settings":{"content_width":"full","width":{"unit":"px","size":1200,"sizes":[]},"width_tablet_extra":{"unit":"%","size":100,"sizes":[]},"width_tablet":{"unit":"%","size":"","sizes":[]},"width_mobile_extra":{"unit":"%","size":"","sizes":[]},"width_mobile":{"unit":"%","size":"","sizes":[]},"margin":{"unit":"px","top":"0","right":"0","bottom":"0","left":"0","isLinked":false},"padding":{"unit":"px","top":"0","right":"15","bottom":"0","left":"15","isLinked":false},"_flex_align_self":"center"},"elements":[{"id":"423155e1","settings":{"_margin":{"unit":"px","top":"0","right":"0","bottom":"0","left":"0","isLinked":false},"_padding":{"unit":"px","top":"0","right":"0","bottom":"0","left":"0","isLinked":false},"tabs":[{"icon":"fa fa-star","title":"Tab 1","content":"Tab Content 1","_id":"2d992db","tab_title":"Competitive Pricing","tab_icon":{"url":"http:\/\/localhost\/wakil\/wp-content\/uploads\/2024\/06\/competitive.png","id":2573,"size":"","alt":"","source":"library"},"tab_image":{"url":"http:\/\/localhost\/wakil\/wp-content\/uploads\/2024\/06\/competitive-img.png","id":2553,"size":"","alt":"","source":"library"},"tab_content":"<p>Venenatis suspendisse id sagittis tristique hendrerit. Nulla a tincidunt sed aliquam nunc amet. Bibendum morbi tellus risus.<\/p>","tab_image_width":{"unit":"px","size":120,"sizes":[]},"tab_image_height":{"unit":"px","size":160,"sizes":[]}},{"icon":"fa fa-star","title":"Tab 1","content":"Tab Content 1","tab_title":"100% Winning","tab_icon":{"url":"http:\/\/localhost\/wakil\/wp-content\/uploads\/2024\/06\/winning.png","id":2575,"size":"","alt":"","source":"library"},"tab_image":{"url":"http:\/\/localhost\/wakil\/wp-content\/uploads\/2024\/06\/competitive-img.png","id":2553,"size":"","alt":"","source":"library"},"tab_content":"<p>Neque ultricies tortor dictum sit curabitur. Sagittis libero neque aliquam in scelerisque odio. Odio id purus.<\/p>","tab_image_width":{"unit":"px","size":120,"sizes":[]},"tab_image_height":{"unit":"px","size":160,"sizes":[]},"_id":"a530973"},{"icon":"fa fa-star","title":"Tab 1","content":"Tab Content 1","tab_title":"Positive Result","tab_icon":{"url":"http:\/\/localhost\/wakil\/wp-content\/uploads\/2024\/06\/positive.png","id":2574,"size":"","alt":"","source":"library"},"tab_image":{"url":"http:\/\/localhost\/wakil\/wp-content\/uploads\/2024\/06\/competitive-img.png","id":2553,"size":"","alt":"","source":"library"},"tab_content":"<p>Tellus congue magna leo velit convallis sed mauris. A sed quis elementum luctus vel arcu. Dui hac nisl aliquam.<\/p>","tab_image_width":{"unit":"px","size":120,"sizes":[]},"tab_image_height":{"unit":"px","size":160,"sizes":[]},"_id":"146d16c"}],"__globals__":{"date_color":"globals\/colors?id=accent","tab_color":"globals\/colors?id=977c281","tab_content_color":"globals\/colors?id=977c281"},"date_typography_typography":"custom","date_typography_font_family":"Marcellus","date_typography_font_size":{"unit":"px","size":32,"sizes":[]},"date_typography_font_size_tablet_extra":{"unit":"px","size":28,"sizes":[]},"date_typography_font_size_mobile_extra":{"unit":"px","size":26,"sizes":[]},"date_typography_font_weight":"400","date_typography_text_transform":"none","date_typography_font_style":"normal","date_typography_text_decoration":"none","date_typography_line_height":{"unit":"custom","size":"normal","sizes":[]},"date_typography_line_height_laptop":{"unit":"custom","size":"","sizes":[]},"date_typography_line_height_tablet_extra":{"unit":"custom","size":"","sizes":[]},"date_typography_line_height_tablet":{"unit":"custom","size":"","sizes":[]},"date_typography_line_height_mobile_extra":{"unit":"custom","size":"","sizes":[]},"date_typography_line_height_mobile":{"unit":"custom","size":"","sizes":[]},"date_typography_letter_spacing":{"unit":"px","size":0,"sizes":[]},"date_typography_word_spacing":{"unit":"px","size":0,"sizes":[]},"tab_content_typography_typography":"custom","tab_content_typography_font_family":"Mulish","tab_content_typography_font_size":{"unit":"px","size":18,"sizes":[]},"tab_content_typography_font_weight":"500","tab_content_typography_text_transform":"none","tab_content_typography_font_style":"normal","tab_content_typography_text_decoration":"none","tab_content_typography_line_height":{"unit":"px","size":30,"sizes":[]},"tab_image_width":{"unit":"px","size":670,"sizes":[]},"tab_icon_width":{"unit":"px","size":48,"sizes":[]},"title_typography_typography":"custom","title_typography_font_family":"Marcellus","title_typography_font_size":{"unit":"px","size":32,"sizes":[]},"title_typography_font_weight":"400","title_typography_line_height":{"unit":"custom","size":"normal","sizes":[]},"title_typography_line_height_laptop":{"unit":"custom","size":"","sizes":[]},"title_typography_line_height_tablet_extra":{"unit":"custom","size":"","sizes":[]},"title_typography_line_height_tablet":{"unit":"custom","size":"","sizes":[]},"title_typography_line_height_mobile_extra":{"unit":"custom","size":"","sizes":[]},"title_typography_line_height_mobile":{"unit":"custom","size":"","sizes":[]},"title_typography_font_size_tablet_extra":{"unit":"px","size":30,"sizes":[]},"title_typography_font_size_mobile_extra":{"unit":"px","size":26,"sizes":[]},"title_typography_font_size_mobile":{"unit":"px","size":18,"sizes":[]},"tab_content_typography_font_size_mobile":{"unit":"px","size":14,"sizes":[]},"tab_content_typography_line_height_mobile":{"unit":"px","size":20,"sizes":[]},"tab_icon_width_mobile_extra":{"unit":"px","size":28,"sizes":[]}},"elements":[],"isInner":false,"widgetType":"tab_list","elType":"widget"}],"isInner":true,"elType":"container"}],"isInner":false,"elType":"container"},{"id":"74e5bd44","settings":{"flex_direction":"column","content_width":"full","background_background":"classic","margin":{"unit":"px","top":"0","right":"0","bottom":"0","left":"0","isLinked":false},"padding":{"unit":"px","top":"100","right":"0","bottom":"100","left":"0","isLinked":false},"__globals__":{"background_color":"globals\/colors?id=text"},"padding_laptop":{"unit":"px","top":"80","right":"0","bottom":"80","left":"0","isLinked":false},"padding_tablet_extra":{"unit":"px","top":"70","right":"0","bottom":"70","left":"0","isLinked":false},"padding_tablet":{"unit":"px","top":"60","right":"0","bottom":"60","left":"0","isLinked":false},"padding_mobile_extra":{"unit":"px","top":"50","right":"0","bottom":"20","left":"0","isLinked":false},"padding_mobile":{"unit":"px","top":"40","right":"0","bottom":"10","left":"0","isLinked":false}},"elements":[{"id":"2554d29c","settings":{"content_width":"full","width":{"unit":"px","size":600,"sizes":[]},"width_mobile_extra":{"unit":"%","size":100,"sizes":[]},"width_mobile":{"unit":"%","size":"","sizes":[]},"margin":{"unit":"px","top":"0","right":"0","bottom":"0","left":"0","isLinked":false},"padding":{"unit":"px","top":"0","right":"15","bottom":"60","left":"15","isLinked":false},"padding_tablet_extra":{"unit":"px","top":"0","right":"15","bottom":"40","left":"15","isLinked":false},"padding_mobile_extra":{"unit":"px","top":"0","right":"15","bottom":"20","left":"15","isLinked":false},"_flex_align_self":"center"},"elements":[{"id":"6789573e","settings":{"title":"We are Committed to Securing Your Justice","align":"center","_margin":{"unit":"px","top":"0","right":"0","bottom":"0","left":"0","isLinked":false},"_padding":{"unit":"px","top":"0","right":"0","bottom":"10","left":"0","isLinked":false},"__globals__":{"title_color":"globals\/colors?id=accent","typography_typography":""},"title_color":"#FFFFFF","typography_typography":"custom","typography_font_family":"Marcellus","typography_font_size":{"unit":"px","size":48,"sizes":[]},"typography_font_size_laptop":{"unit":"px","size":44,"sizes":[]},"typography_font_size_tablet":{"unit":"px","size":36,"sizes":[]},"typography_font_size_mobile_extra":{"unit":"px","size":34,"sizes":[]},"typography_font_size_mobile":{"unit":"px","size":32,"sizes":[]},"typography_font_weight":"400","typography_text_transform":"none","typography_font_style":"normal","typography_text_decoration":"none","typography_line_height":{"unit":"custom","size":"normal","sizes":[]},"_flex_align_self":"flex-start","pafe_gradient_text":"","pafe_gradient_text_color":"#670093","pafe_gradient_text_color_stop":{"unit":"%","size":0,"sizes":[]},"pafe_gradient_text_color_b":"#f2295b","pafe_gradient_text_color_b_stop":{"unit":"%","size":100,"sizes":[]},"pafe_gradient_text_gradient_type":"linear","pafe_gradient_text_gradient_angle":{"unit":"deg","size":180,"sizes":[]},"pafe_gradient_text_gradient_position":"center center","pafe_tooltip":"","pafe_tooltip_content_type":"content","pafe_tooltip_content_wysiwyg":"","pafe_tooltip_content_saved_template":"","pafe_tooltip_content_image":{"url":"http:\/\/localhost\/wakil\/wp-content\/plugins\/elementor\/assets\/images\/placeholder.png","id":"","size":""},"pafe_tooltip_duration":"300","pafe_tooltip_distance":"5","pafe_tooltip_animation_type":"scale","pafe_tooltip_placement":"top","pafe_tooltip_content_color":"#fff","pafe_tooltip_custom_width":"","pafe_tooltip_content_width":{"unit":"%","size":100,"sizes":[]},"pafe_tooltip_content_width_laptop":{"unit":"px","size":"","sizes":[]},"pafe_tooltip_content_width_tablet":{"unit":"px","size":"","sizes":[]},"pafe_tooltip_content_width_mobile_extra":{"unit":"px","size":"","sizes":[]},"pafe_tooltip_content_width_mobile":{"unit":"px","size":"","sizes":[]},"pafe_tooltip_background_color":"#000","pafe_tooltip_label_typography_typography":"","pafe_tooltip_label_typography_font_family":"","pafe_tooltip_label_typography_font_size":{"unit":"px","size":"","sizes":[]},"pafe_tooltip_label_typography_font_size_laptop":{"unit":"px","size":"","sizes":[]},"pafe_tooltip_label_typography_font_size_tablet":{"unit":"px","size":"","sizes":[]},"pafe_tooltip_label_typography_font_size_mobile_extra":{"unit":"px","size":"","sizes":[]},"pafe_tooltip_label_typography_font_size_mobile":{"unit":"px","size":"","sizes":[]},"pafe_tooltip_label_typography_font_weight":"","pafe_tooltip_label_typography_text_transform":"","pafe_tooltip_label_typography_font_style":"","pafe_tooltip_label_typography_text_decoration":"","pafe_tooltip_label_typography_line_height":{"unit":"px","size":"","sizes":[]},"pafe_tooltip_label_typography_line_height_laptop":{"unit":"px","size":"","sizes":[]},"pafe_tooltip_label_typography_line_height_tablet":{"unit":"em","size":"","sizes":[]},"pafe_tooltip_label_typography_line_height_mobile_extra":{"unit":"px","size":"","sizes":[]},"pafe_tooltip_label_typography_line_height_mobile":{"unit":"em","size":"","sizes":[]},"pafe_tooltip_label_typography_letter_spacing":{"unit":"px","size":"","sizes":[]},"pafe_tooltip_label_typography_letter_spacing_laptop":{"unit":"px","size":"","sizes":[]},"pafe_tooltip_label_typography_letter_spacing_tablet":{"unit":"px","size":"","sizes":[]},"pafe_tooltip_label_typography_letter_spacing_mobile_extra":{"unit":"px","size":"","sizes":[]},"pafe_tooltip_label_typography_letter_spacing_mobile":{"unit":"px","size":"","sizes":[]},"pafe_tooltip_label_typography_word_spacing":{"unit":"px","size":"","sizes":[]},"pafe_tooltip_label_typography_word_spacing_laptop":{"unit":"px","size":"","sizes":[]},"pafe_tooltip_label_typography_word_spacing_tablet":{"unit":"em","size":"","sizes":[]},"pafe_tooltip_label_typography_word_spacing_mobile_extra":{"unit":"px","size":"","sizes":[]},"pafe_tooltip_label_typography_word_spacing_mobile":{"unit":"em","size":"","sizes":[]},"pafe_form_style":"","pafe_form_style_width":{"unit":"%","size":100,"sizes":[]},"pafe_form_style_width_laptop":{"unit":"px","size":"","sizes":[]},"pafe_form_style_width_tablet":{"unit":"px","size":"","sizes":[]},"pafe_form_style_width_mobile_extra":{"unit":"px","size":"","sizes":[]},"pafe_form_style_width_mobile":{"unit":"px","size":"","sizes":[]},"pafe_form_style_align":"","pafe_form_style_align_laptop":"","pafe_form_style_align_tablet":"","pafe_form_style_align_mobile_extra":"","pafe_form_style_align_mobile":"","pafe_form_style_row_gap":{"unit":"px","size":20,"sizes":[]},"pafe_form_style_row_gap_laptop":{"unit":"px","size":"","sizes":[]},"pafe_form_style_row_gap_tablet":{"unit":"px","size":"","sizes":[]},"pafe_form_style_row_gap_mobile_extra":{"unit":"px","size":"","sizes":[]},"pafe_form_style_row_gap_mobile":{"unit":"px","size":"","sizes":[]},"pafe_form_style_padding":{"unit":"px","top":"","right":"","bottom":"","left":"","isLinked":true},"pafe_form_style_padding_laptop":{"unit":"px","top":"","right":"","bottom":"","left":"","isLinked":true},"pafe_form_style_padding_tablet":{"unit":"px","top":"","right":"","bottom":"","left":"","isLinked":true},"pafe_form_style_padding_mobile_extra":{"unit":"px","top":"","right":"","bottom":"","left":"","isLinked":true},"pafe_form_style_padding_mobile":{"unit":"px","top":"","right":"","bottom":"","left":"","isLinked":true},"pafe_form_style_input_border_border":"","pafe_form_style_input_border_width":{"unit":"px","top":"","right":"","bottom":"","left":"","isLinked":true},"pafe_form_style_input_border_width_laptop":{"unit":"px","top":"","right":"","bottom":"","left":"","isLinked":true},"pafe_form_style_input_border_width_tablet":{"unit":"px","top":"","right":"","bottom":"","left":"","isLinked":true},"pafe_form_style_input_border_width_mobile_extra":{"unit":"px","top":"","right":"","bottom":"","left":"","isLinked":true},"pafe_form_style_input_border_width_mobile":{"unit":"px","top":"","right":"","bottom":"","left":"","isLinked":true},"pafe_form_style_input_border_color":"","pafe_form_style_input_border_radius":{"unit":"px","top":"","right":"","bottom":"","left":"","isLinked":true},"pafe_form_style_input_border_radius_laptop":{"unit":"px","top":"","right":"","bottom":"","left":"","isLinked":true},"pafe_form_style_input_border_radius_tablet":{"unit":"px","top":"","right":"","bottom":"","left":"","isLinked":true},"pafe_form_style_input_border_radius_mobile_extra":{"unit":"px","top":"","right":"","bottom":"","left":"","isLinked":true},"pafe_form_style_input_border_radius_mobile":{"unit":"px","top":"","right":"","bottom":"","left":"","isLinked":true},"pafe_form_style_area_padding":{"unit":"px","top":"","right":"","bottom":"","left":"","isLinked":true},"pafe_form_style_area_padding_laptop":{"unit":"px","top":"","right":"","bottom":"","left":"","isLinked":true},"pafe_form_style_area_padding_tablet":{"unit":"px","top":"","right":"","bottom":"","left":"","isLinked":true},"pafe_form_style_area_padding_mobile_extra":{"unit":"px","top":"","right":"","bottom":"","left":"","isLinked":true},"pafe_form_style_area_padding_mobile":{"unit":"px","top":"","right":"","bottom":"","left":"","isLinked":true},"pafe_form_style_background_color":"#f1f1f1","pafe_form_style_label_typography":"","pafe_form_style_label_font_family":"","pafe_form_style_label_font_size":{"unit":"px","size":"","sizes":[]},"pafe_form_style_label_font_size_laptop":{"unit":"px","size":"","sizes":[]},"pafe_form_style_label_font_size_tablet":{"unit":"px","size":"","sizes":[]},"pafe_form_style_label_font_size_mobile_extra":{"unit":"px","size":"","sizes":[]},"pafe_form_style_label_font_size_mobile":{"unit":"px","size":"","sizes":[]},"pafe_form_style_label_font_weight":"","pafe_form_style_label_text_transform":"","pafe_form_style_label_font_style":"","pafe_form_style_label_text_decoration":"","pafe_form_style_label_line_height":{"unit":"px","size":"","sizes":[]},"pafe_form_style_label_line_height_laptop":{"unit":"px","size":"","sizes":[]},"pafe_form_style_label_line_height_tablet":{"unit":"em","size":"","sizes":[]},"pafe_form_style_label_line_height_mobile_extra":{"unit":"px","size":"","sizes":[]},"pafe_form_style_label_line_height_mobile":{"unit":"em","size":"","sizes":[]},"pafe_form_style_label_letter_spacing":{"unit":"px","size":"","sizes":[]},"pafe_form_style_label_letter_spacing_laptop":{"unit":"px","size":"","sizes":[]},"pafe_form_style_label_letter_spacing_tablet":{"unit":"px","size":"","sizes":[]},"pafe_form_style_label_letter_spacing_mobile_extra":{"unit":"px","size":"","sizes":[]},"pafe_form_style_label_letter_spacing_mobile":{"unit":"px","size":"","sizes":[]},"pafe_form_style_label_word_spacing":{"unit":"px","size":"","sizes":[]},"pafe_form_style_label_word_spacing_laptop":{"unit":"px","size":"","sizes":[]},"pafe_form_style_label_word_spacing_tablet":{"unit":"em","size":"","sizes":[]},"pafe_form_style_label_word_spacing_mobile_extra":{"unit":"px","size":"","sizes":[]},"pafe_form_style_label_word_spacing_mobile":{"unit":"em","size":"","sizes":[]},"pafe_form_style_label_color":"#000","pafe_form_style_label_spacing":{"unit":"px","size":0,"sizes":[]},"pafe_form_style_label_spacing_laptop":{"unit":"px","size":"","sizes":[]},"pafe_form_style_label_spacing_tablet":{"unit":"px","size":"","sizes":[]},"pafe_form_style_label_spacing_mobile_extra":{"unit":"px","size":"","sizes":[]},"pafe_form_style_label_spacing_mobile":{"unit":"px","size":"","sizes":[]},"pafe_form_style_placeholder_typography":"","pafe_form_style_placeholder_font_family":"","pafe_form_style_placeholder_font_size":{"unit":"px","size":"","sizes":[]},"pafe_form_style_placeholder_font_size_laptop":{"unit":"px","size":"","sizes":[]},"pafe_form_style_placeholder_font_size_tablet":{"unit":"px","size":"","sizes":[]},"pafe_form_style_placeholder_font_size_mobile_extra":{"unit":"px","size":"","sizes":[]},"pafe_form_style_placeholder_font_size_mobile":{"unit":"px","size":"","sizes":[]},"pafe_form_style_placeholder_font_weight":"","pafe_form_style_placeholder_text_transform":"","pafe_form_style_placeholder_font_style":"","pafe_form_style_placeholder_text_decoration":"","pafe_form_style_placeholder_line_height":{"unit":"px","size":"","sizes":[]},"pafe_form_style_placeholder_line_height_laptop":{"unit":"px","size":"","sizes":[]},"pafe_form_style_placeholder_line_height_tablet":{"unit":"em","size":"","sizes":[]},"pafe_form_style_placeholder_line_height_mobile_extra":{"unit":"px","size":"","sizes":[]},"pafe_form_style_placeholder_line_height_mobile":{"unit":"em","size":"","sizes":[]},"pafe_form_style_placeholder_letter_spacing":{"unit":"px","size":"","sizes":[]},"pafe_form_style_placeholder_letter_spacing_laptop":{"unit":"px","size":"","sizes":[]},"pafe_form_style_placeholder_letter_spacing_tablet":{"unit":"px","size":"","sizes":[]},"pafe_form_style_placeholder_letter_spacing_mobile_extra":{"unit":"px","size":"","sizes":[]},"pafe_form_style_placeholder_letter_spacing_mobile":{"unit":"px","size":"","sizes":[]},"pafe_form_style_placeholder_word_spacing":{"unit":"px","size":"","sizes":[]},"pafe_form_style_placeholder_word_spacing_laptop":{"unit":"px","size":"","sizes":[]},"pafe_form_style_placeholder_word_spacing_tablet":{"unit":"em","size":"","sizes":[]},"pafe_form_style_placeholder_word_spacing_mobile_extra":{"unit":"px","size":"","sizes":[]},"pafe_form_style_placeholder_word_spacing_mobile":{"unit":"em","size":"","sizes":[]},"pafe_form_style_placeholder_color":"#7D7676","pafe_form_style_button_typography":"","pafe_form_style_button_font_family":"","pafe_form_style_button_font_size":{"unit":"px","size":"","sizes":[]},"pafe_form_style_button_font_size_laptop":{"unit":"px","size":"","sizes":[]},"pafe_form_style_button_font_size_tablet":{"unit":"px","size":"","sizes":[]},"pafe_form_style_button_font_size_mobile_extra":{"unit":"px","size":"","sizes":[]},"pafe_form_style_button_font_size_mobile":{"unit":"px","size":"","sizes":[]},"pafe_form_style_button_font_weight":"","pafe_form_style_button_text_transform":"","pafe_form_style_button_font_style":"","pafe_form_style_button_text_decoration":"","pafe_form_style_button_line_height":{"unit":"px","size":"","sizes":[]},"pafe_form_style_button_line_height_laptop":{"unit":"px","size":"","sizes":[]},"pafe_form_style_button_line_height_tablet":{"unit":"em","size":"","sizes":[]},"pafe_form_style_button_line_height_mobile_extra":{"unit":"px","size":"","sizes":[]},"pafe_form_style_button_line_height_mobile":{"unit":"em","size":"","sizes":[]},"pafe_form_style_button_letter_spacing":{"unit":"px","size":"","sizes":[]},"pafe_form_style_button_letter_spacing_laptop":{"unit":"px","size":"","sizes":[]},"pafe_form_style_button_letter_spacing_tablet":{"unit":"px","size":"","sizes":[]},"pafe_form_style_button_letter_spacing_mobile_extra":{"unit":"px","size":"","sizes":[]},"pafe_form_style_button_letter_spacing_mobile":{"unit":"px","size":"","sizes":[]},"pafe_form_style_button_word_spacing":{"unit":"px","size":"","sizes":[]},"pafe_form_style_button_word_spacing_laptop":{"unit":"px","size":"","sizes":[]},"pafe_form_style_button_word_spacing_tablet":{"unit":"em","size":"","sizes":[]},"pafe_form_style_button_word_spacing_mobile_extra":{"unit":"px","size":"","sizes":[]},"pafe_form_style_button_word_spacing_mobile":{"unit":"em","size":"","sizes":[]},"pafe_form_style_button_width":{"unit":"%","size":100,"sizes":[]},"pafe_form_style_button_width_laptop":{"unit":"px","size":"","sizes":[]},"pafe_form_style_button_width_tablet":{"unit":"px","size":"","sizes":[]},"pafe_form_style_button_width_mobile_extra":{"unit":"px","size":"","sizes":[]},"pafe_form_style_button_width_mobile":{"unit":"px","size":"","sizes":[]},"pafe_form_style_margin":{"unit":"px","top":"","right":"","bottom":"","left":"","isLinked":true},"pafe_form_style_margin_laptop":{"unit":"px","top":"","right":"","bottom":"","left":"","isLinked":true},"pafe_form_style_margin_tablet":{"unit":"px","top":"","right":"","bottom":"","left":"","isLinked":true},"pafe_form_style_margin_mobile_extra":{"unit":"px","top":"","right":"","bottom":"","left":"","isLinked":true},"pafe_form_style_margin_mobile":{"unit":"px","top":"","right":"","bottom":"","left":"","isLinked":true},"pafe_form_style_button_color_normal":"#fff","pafe_form_style_background_color_normal":"#6EC1E4","pafe_form_style_button_color_hover":"#fff","pafe_form_style_background_color_hover":"#04A5E9","pafe_form_style_button_padding":{"unit":"px","top":"","right":"","bottom":"","left":"","isLinked":true},"pafe_form_style_button_padding_laptop":{"unit":"px","top":"","right":"","bottom":"","left":"","isLinked":true},"pafe_form_style_button_padding_tablet":{"unit":"px","top":"","right":"","bottom":"","left":"","isLinked":true},"pafe_form_style_button_padding_mobile_extra":{"unit":"px","top":"","right":"","bottom":"","left":"","isLinked":true},"pafe_form_style_button_padding_mobile":{"unit":"px","top":"","right":"","bottom":"","left":"","isLinked":true},"pafe_form_style_button_border_border":"","pafe_form_style_button_border_width":{"unit":"px","top":"","right":"","bottom":"","left":"","isLinked":true},"pafe_form_style_button_border_width_laptop":{"unit":"px","top":"","right":"","bottom":"","left":"","isLinked":true},"pafe_form_style_button_border_width_tablet":{"unit":"px","top":"","right":"","bottom":"","left":"","isLinked":true},"pafe_form_style_button_border_width_mobile_extra":{"unit":"px","top":"","right":"","bottom":"","left":"","isLinked":true},"pafe_form_style_button_border_width_mobile":{"unit":"px","top":"","right":"","bottom":"","left":"","isLinked":true},"pafe_form_style_button_border_color":"","pafe_form_style_button_border_radius":{"unit":"px","top":"","right":"","bottom":"","left":"","isLinked":true},"pafe_form_style_button_border_radius_laptop":{"unit":"px","top":"","right":"","bottom":"","left":"","isLinked":true},"pafe_form_style_button_border_radius_tablet":{"unit":"px","top":"","right":"","bottom":"","left":"","isLinked":true},"pafe_form_style_button_border_radius_mobile_extra":{"unit":"px","top":"","right":"","bottom":"","left":"","isLinked":true},"pafe_form_style_button_border_radius_mobile":{"unit":"px","top":"","right":"","bottom":"","left":"","isLinked":true},"_flex_align_self_mobile_extra":"center"},"elements":[],"isInner":false,"widgetType":"heading","elType":"widget"},{"id":"773d56a","settings":{"image":{"id":"231","url":"http:\/\/localhost\/wakil\/wp-content\/uploads\/2024\/05\/border_icon-3.png"},"width":{"unit":"%","size":100,"sizes":[]},"space":{"unit":"px","size":36,"sizes":[]},"space_tablet":{"unit":"px","size":"","sizes":[]},"space_mobile":{"unit":"px","size":"","sizes":[]},"height":{"unit":"px","size":30,"sizes":[]},"object-fit":"contain","_margin":{"unit":"px","top":"0","right":"0","bottom":"0","left":"0","isLinked":false},"_padding":{"unit":"px","top":"0","right":"120","bottom":"0","left":"120","isLinked":false},"_css_classes":"before_after_border left_side_image_conatin","_animation":"slideInUp","align":"center","_flex_align_self":"center","_flex_size":"shrink","_margin_laptop":{"unit":"px","top":"0","right":"0","bottom":"0","left":"0","isLinked":false},"_flex_align_self_mobile_extra":"center","pafe_tooltip":"","pafe_tooltip_content_type":"content","pafe_tooltip_content_wysiwyg":"","pafe_tooltip_content_saved_template":"","pafe_tooltip_content_image":{"url":"http:\/\/localhost\/wakil\/wp-content\/plugins\/elementor\/assets\/images\/placeholder.png","id":"","size":""},"pafe_tooltip_duration":"300","pafe_tooltip_distance":"5","pafe_tooltip_animation_type":"scale","pafe_tooltip_placement":"top","pafe_tooltip_content_color":"#fff","pafe_tooltip_custom_width":"","pafe_tooltip_content_width":{"unit":"%","size":100,"sizes":[]},"pafe_tooltip_content_width_laptop":{"unit":"px","size":"","sizes":[]},"pafe_tooltip_content_width_tablet":{"unit":"px","size":"","sizes":[]},"pafe_tooltip_content_width_mobile_extra":{"unit":"px","size":"","sizes":[]},"pafe_tooltip_content_width_mobile":{"unit":"px","size":"","sizes":[]},"pafe_tooltip_background_color":"#000","pafe_tooltip_label_typography_typography":"","pafe_tooltip_label_typography_font_family":"","pafe_tooltip_label_typography_font_size":{"unit":"px","size":"","sizes":[]},"pafe_tooltip_label_typography_font_size_laptop":{"unit":"px","size":"","sizes":[]},"pafe_tooltip_label_typography_font_size_tablet":{"unit":"px","size":"","sizes":[]},"pafe_tooltip_label_typography_font_size_mobile_extra":{"unit":"px","size":"","sizes":[]},"pafe_tooltip_label_typography_font_size_mobile":{"unit":"px","size":"","sizes":[]},"pafe_tooltip_label_typography_font_weight":"","pafe_tooltip_label_typography_text_transform":"","pafe_tooltip_label_typography_font_style":"","pafe_tooltip_label_typography_text_decoration":"","pafe_tooltip_label_typography_line_height":{"unit":"px","size":"","sizes":[]},"pafe_tooltip_label_typography_line_height_laptop":{"unit":"px","size":"","sizes":[]},"pafe_tooltip_label_typography_line_height_tablet":{"unit":"em","size":"","sizes":[]},"pafe_tooltip_label_typography_line_height_mobile_extra":{"unit":"px","size":"","sizes":[]},"pafe_tooltip_label_typography_line_height_mobile":{"unit":"em","size":"","sizes":[]},"pafe_tooltip_label_typography_letter_spacing":{"unit":"px","size":"","sizes":[]},"pafe_tooltip_label_typography_letter_spacing_laptop":{"unit":"px","size":"","sizes":[]},"pafe_tooltip_label_typography_letter_spacing_tablet":{"unit":"px","size":"","sizes":[]},"pafe_tooltip_label_typography_letter_spacing_mobile_extra":{"unit":"px","size":"","sizes":[]},"pafe_tooltip_label_typography_letter_spacing_mobile":{"unit":"px","size":"","sizes":[]},"pafe_tooltip_label_typography_word_spacing":{"unit":"px","size":"","sizes":[]},"pafe_tooltip_label_typography_word_spacing_laptop":{"unit":"px","size":"","sizes":[]},"pafe_tooltip_label_typography_word_spacing_tablet":{"unit":"em","size":"","sizes":[]},"pafe_tooltip_label_typography_word_spacing_mobile_extra":{"unit":"px","size":"","sizes":[]},"pafe_tooltip_label_typography_word_spacing_mobile":{"unit":"em","size":"","sizes":[]},"pafe_form_style":"","pafe_form_style_width":{"unit":"%","size":100,"sizes":[]},"pafe_form_style_width_laptop":{"unit":"px","size":"","sizes":[]},"pafe_form_style_width_tablet":{"unit":"px","size":"","sizes":[]},"pafe_form_style_width_mobile_extra":{"unit":"px","size":"","sizes":[]},"pafe_form_style_width_mobile":{"unit":"px","size":"","sizes":[]},"pafe_form_style_align":"","pafe_form_style_align_laptop":"","pafe_form_style_align_tablet":"","pafe_form_style_align_mobile_extra":"","pafe_form_style_align_mobile":"","pafe_form_style_row_gap":{"unit":"px","size":20,"sizes":[]},"pafe_form_style_row_gap_laptop":{"unit":"px","size":"","sizes":[]},"pafe_form_style_row_gap_tablet":{"unit":"px","size":"","sizes":[]},"pafe_form_style_row_gap_mobile_extra":{"unit":"px","size":"","sizes":[]},"pafe_form_style_row_gap_mobile":{"unit":"px","size":"","sizes":[]},"pafe_form_style_padding":{"unit":"px","top":"","right":"","bottom":"","left":"","isLinked":true},"pafe_form_style_padding_laptop":{"unit":"px","top":"","right":"","bottom":"","left":"","isLinked":true},"pafe_form_style_padding_tablet":{"unit":"px","top":"","right":"","bottom":"","left":"","isLinked":true},"pafe_form_style_padding_mobile_extra":{"unit":"px","top":"","right":"","bottom":"","left":"","isLinked":true},"pafe_form_style_padding_mobile":{"unit":"px","top":"","right":"","bottom":"","left":"","isLinked":true},"pafe_form_style_input_border_border":"","pafe_form_style_input_border_width":{"unit":"px","top":"","right":"","bottom":"","left":"","isLinked":true},"pafe_form_style_input_border_width_laptop":{"unit":"px","top":"","right":"","bottom":"","left":"","isLinked":true},"pafe_form_style_input_border_width_tablet":{"unit":"px","top":"","right":"","bottom":"","left":"","isLinked":true},"pafe_form_style_input_border_width_mobile_extra":{"unit":"px","top":"","right":"","bottom":"","left":"","isLinked":true},"pafe_form_style_input_border_width_mobile":{"unit":"px","top":"","right":"","bottom":"","left":"","isLinked":true},"pafe_form_style_input_border_color":"","pafe_form_style_input_border_radius":{"unit":"px","top":"","right":"","bottom":"","left":"","isLinked":true},"pafe_form_style_input_border_radius_laptop":{"unit":"px","top":"","right":"","bottom":"","left":"","isLinked":true},"pafe_form_style_input_border_radius_tablet":{"unit":"px","top":"","right":"","bottom":"","left":"","isLinked":true},"pafe_form_style_input_border_radius_mobile_extra":{"unit":"px","top":"","right":"","bottom":"","left":"","isLinked":true},"pafe_form_style_input_border_radius_mobile":{"unit":"px","top":"","right":"","bottom":"","left":"","isLinked":true},"pafe_form_style_area_padding":{"unit":"px","top":"","right":"","bottom":"","left":"","isLinked":true},"pafe_form_style_area_padding_laptop":{"unit":"px","top":"","right":"","bottom":"","left":"","isLinked":true},"pafe_form_style_area_padding_tablet":{"unit":"px","top":"","right":"","bottom":"","left":"","isLinked":true},"pafe_form_style_area_padding_mobile_extra":{"unit":"px","top":"","right":"","bottom":"","left":"","isLinked":true},"pafe_form_style_area_padding_mobile":{"unit":"px","top":"","right":"","bottom":"","left":"","isLinked":true},"pafe_form_style_background_color":"#f1f1f1","pafe_form_style_label_typography":"","pafe_form_style_label_font_family":"","pafe_form_style_label_font_size":{"unit":"px","size":"","sizes":[]},"pafe_form_style_label_font_size_laptop":{"unit":"px","size":"","sizes":[]},"pafe_form_style_label_font_size_tablet":{"unit":"px","size":"","sizes":[]},"pafe_form_style_label_font_size_mobile_extra":{"unit":"px","size":"","sizes":[]},"pafe_form_style_label_font_size_mobile":{"unit":"px","size":"","sizes":[]},"pafe_form_style_label_font_weight":"","pafe_form_style_label_text_transform":"","pafe_form_style_label_font_style":"","pafe_form_style_label_text_decoration":"","pafe_form_style_label_line_height":{"unit":"px","size":"","sizes":[]},"pafe_form_style_label_line_height_laptop":{"unit":"px","size":"","sizes":[]},"pafe_form_style_label_line_height_tablet":{"unit":"em","size":"","sizes":[]},"pafe_form_style_label_line_height_mobile_extra":{"unit":"px","size":"","sizes":[]},"pafe_form_style_label_line_height_mobile":{"unit":"em","size":"","sizes":[]},"pafe_form_style_label_letter_spacing":{"unit":"px","size":"","sizes":[]},"pafe_form_style_label_letter_spacing_laptop":{"unit":"px","size":"","sizes":[]},"pafe_form_style_label_letter_spacing_tablet":{"unit":"px","size":"","sizes":[]},"pafe_form_style_label_letter_spacing_mobile_extra":{"unit":"px","size":"","sizes":[]},"pafe_form_style_label_letter_spacing_mobile":{"unit":"px","size":"","sizes":[]},"pafe_form_style_label_word_spacing":{"unit":"px","size":"","sizes":[]},"pafe_form_style_label_word_spacing_laptop":{"unit":"px","size":"","sizes":[]},"pafe_form_style_label_word_spacing_tablet":{"unit":"em","size":"","sizes":[]},"pafe_form_style_label_word_spacing_mobile_extra":{"unit":"px","size":"","sizes":[]},"pafe_form_style_label_word_spacing_mobile":{"unit":"em","size":"","sizes":[]},"pafe_form_style_label_color":"#000","pafe_form_style_label_spacing":{"unit":"px","size":0,"sizes":[]},"pafe_form_style_label_spacing_laptop":{"unit":"px","size":"","sizes":[]},"pafe_form_style_label_spacing_tablet":{"unit":"px","size":"","sizes":[]},"pafe_form_style_label_spacing_mobile_extra":{"unit":"px","size":"","sizes":[]},"pafe_form_style_label_spacing_mobile":{"unit":"px","size":"","sizes":[]},"pafe_form_style_placeholder_typography":"","pafe_form_style_placeholder_font_family":"","pafe_form_style_placeholder_font_size":{"unit":"px","size":"","sizes":[]},"pafe_form_style_placeholder_font_size_laptop":{"unit":"px","size":"","sizes":[]},"pafe_form_style_placeholder_font_size_tablet":{"unit":"px","size":"","sizes":[]},"pafe_form_style_placeholder_font_size_mobile_extra":{"unit":"px","size":"","sizes":[]},"pafe_form_style_placeholder_font_size_mobile":{"unit":"px","size":"","sizes":[]},"pafe_form_style_placeholder_font_weight":"","pafe_form_style_placeholder_text_transform":"","pafe_form_style_placeholder_font_style":"","pafe_form_style_placeholder_text_decoration":"","pafe_form_style_placeholder_line_height":{"unit":"px","size":"","sizes":[]},"pafe_form_style_placeholder_line_height_laptop":{"unit":"px","size":"","sizes":[]},"pafe_form_style_placeholder_line_height_tablet":{"unit":"em","size":"","sizes":[]},"pafe_form_style_placeholder_line_height_mobile_extra":{"unit":"px","size":"","sizes":[]},"pafe_form_style_placeholder_line_height_mobile":{"unit":"em","size":"","sizes":[]},"pafe_form_style_placeholder_letter_spacing":{"unit":"px","size":"","sizes":[]},"pafe_form_style_placeholder_letter_spacing_laptop":{"unit":"px","size":"","sizes":[]},"pafe_form_style_placeholder_letter_spacing_tablet":{"unit":"px","size":"","sizes":[]},"pafe_form_style_placeholder_letter_spacing_mobile_extra":{"unit":"px","size":"","sizes":[]},"pafe_form_style_placeholder_letter_spacing_mobile":{"unit":"px","size":"","sizes":[]},"pafe_form_style_placeholder_word_spacing":{"unit":"px","size":"","sizes":[]},"pafe_form_style_placeholder_word_spacing_laptop":{"unit":"px","size":"","sizes":[]},"pafe_form_style_placeholder_word_spacing_tablet":{"unit":"em","size":"","sizes":[]},"pafe_form_style_placeholder_word_spacing_mobile_extra":{"unit":"px","size":"","sizes":[]},"pafe_form_style_placeholder_word_spacing_mobile":{"unit":"em","size":"","sizes":[]},"pafe_form_style_placeholder_color":"#7D7676","pafe_form_style_button_typography":"","pafe_form_style_button_font_family":"","pafe_form_style_button_font_size":{"unit":"px","size":"","sizes":[]},"pafe_form_style_button_font_size_laptop":{"unit":"px","size":"","sizes":[]},"pafe_form_style_button_font_size_tablet":{"unit":"px","size":"","sizes":[]},"pafe_form_style_button_font_size_mobile_extra":{"unit":"px","size":"","sizes":[]},"pafe_form_style_button_font_size_mobile":{"unit":"px","size":"","sizes":[]},"pafe_form_style_button_font_weight":"","pafe_form_style_button_text_transform":"","pafe_form_style_button_font_style":"","pafe_form_style_button_text_decoration":"","pafe_form_style_button_line_height":{"unit":"px","size":"","sizes":[]},"pafe_form_style_button_line_height_laptop":{"unit":"px","size":"","sizes":[]},"pafe_form_style_button_line_height_tablet":{"unit":"em","size":"","sizes":[]},"pafe_form_style_button_line_height_mobile_extra":{"unit":"px","size":"","sizes":[]},"pafe_form_style_button_line_height_mobile":{"unit":"em","size":"","sizes":[]},"pafe_form_style_button_letter_spacing":{"unit":"px","size":"","sizes":[]},"pafe_form_style_button_letter_spacing_laptop":{"unit":"px","size":"","sizes":[]},"pafe_form_style_button_letter_spacing_tablet":{"unit":"px","size":"","sizes":[]},"pafe_form_style_button_letter_spacing_mobile_extra":{"unit":"px","size":"","sizes":[]},"pafe_form_style_button_letter_spacing_mobile":{"unit":"px","size":"","sizes":[]},"pafe_form_style_button_word_spacing":{"unit":"px","size":"","sizes":[]},"pafe_form_style_button_word_spacing_laptop":{"unit":"px","size":"","sizes":[]},"pafe_form_style_button_word_spacing_tablet":{"unit":"em","size":"","sizes":[]},"pafe_form_style_button_word_spacing_mobile_extra":{"unit":"px","size":"","sizes":[]},"pafe_form_style_button_word_spacing_mobile":{"unit":"em","size":"","sizes":[]},"pafe_form_style_button_width":{"unit":"%","size":100,"sizes":[]},"pafe_form_style_button_width_laptop":{"unit":"px","size":"","sizes":[]},"pafe_form_style_button_width_tablet":{"unit":"px","size":"","sizes":[]},"pafe_form_style_button_width_mobile_extra":{"unit":"px","size":"","sizes":[]},"pafe_form_style_button_width_mobile":{"unit":"px","size":"","sizes":[]},"pafe_form_style_margin":{"unit":"px","top":"","right":"","bottom":"","left":"","isLinked":true},"pafe_form_style_margin_laptop":{"unit":"px","top":"","right":"","bottom":"","left":"","isLinked":true},"pafe_form_style_margin_tablet":{"unit":"px","top":"","right":"","bottom":"","left":"","isLinked":true},"pafe_form_style_margin_mobile_extra":{"unit":"px","top":"","right":"","bottom":"","left":"","isLinked":true},"pafe_form_style_margin_mobile":{"unit":"px","top":"","right":"","bottom":"","left":"","isLinked":true},"pafe_form_style_button_color_normal":"#fff","pafe_form_style_background_color_normal":"#6EC1E4","pafe_form_style_button_color_hover":"#fff","pafe_form_style_background_color_hover":"#04A5E9","pafe_form_style_button_padding":{"unit":"px","top":"","right":"","bottom":"","left":"","isLinked":true},"pafe_form_style_button_padding_laptop":{"unit":"px","top":"","right":"","bottom":"","left":"","isLinked":true},"pafe_form_style_button_padding_tablet":{"unit":"px","top":"","right":"","bottom":"","left":"","isLinked":true},"pafe_form_style_button_padding_mobile_extra":{"unit":"px","top":"","right":"","bottom":"","left":"","isLinked":true},"pafe_form_style_button_padding_mobile":{"unit":"px","top":"","right":"","bottom":"","left":"","isLinked":true},"pafe_form_style_button_border_border":"","pafe_form_style_button_border_width":{"unit":"px","top":"","right":"","bottom":"","left":"","isLinked":true},"pafe_form_style_button_border_width_laptop":{"unit":"px","top":"","right":"","bottom":"","left":"","isLinked":true},"pafe_form_style_button_border_width_tablet":{"unit":"px","top":"","right":"","bottom":"","left":"","isLinked":true},"pafe_form_style_button_border_width_mobile_extra":{"unit":"px","top":"","right":"","bottom":"","left":"","isLinked":true},"pafe_form_style_button_border_width_mobile":{"unit":"px","top":"","right":"","bottom":"","left":"","isLinked":true},"pafe_form_style_button_border_color":"","pafe_form_style_button_border_radius":{"unit":"px","top":"","right":"","bottom":"","left":"","isLinked":true},"pafe_form_style_button_border_radius_laptop":{"unit":"px","top":"","right":"","bottom":"","left":"","isLinked":true},"pafe_form_style_button_border_radius_tablet":{"unit":"px","top":"","right":"","bottom":"","left":"","isLinked":true},"pafe_form_style_button_border_radius_mobile_extra":{"unit":"px","top":"","right":"","bottom":"","left":"","isLinked":true},"pafe_form_style_button_border_radius_mobile":{"unit":"px","top":"","right":"","bottom":"","left":"","isLinked":true}},"elements":[],"isInner":false,"widgetType":"image","elType":"widget"}],"isInner":true,"elType":"container"},{"id":"1215ebfe","settings":{"content_width":"full","width":{"unit":"px","size":1200,"sizes":[]},"width_tablet_extra":{"unit":"%","size":100,"sizes":[]},"width_tablet":{"unit":"%","size":"","sizes":[]},"width_mobile_extra":{"unit":"%","size":"","sizes":[]},"width_mobile":{"unit":"%","size":"","sizes":[]},"margin":{"unit":"px","top":"0","right":"0","bottom":"0","left":"0","isLinked":false},"padding":{"unit":"px","top":"0","right":"15","bottom":"0","left":"15","isLinked":false},"_flex_align_self":"center"},"elements":[{"id":"48054ab3","settings":[],"elements":[],"isInner":false,"widgetType":"custom-subattorneys-widget","elType":"widget"}],"isInner":true,"elType":"container"}],"isInner":false,"elType":"container"},{"id":"3cb77dc8","settings":{"flex_direction":"column","content_width":"full","background_background":"classic","margin":{"unit":"px","top":"0","right":"0","bottom":"0","left":"0","isLinked":false},"padding":{"unit":"px","top":"100","right":"0","bottom":"100","left":"0","isLinked":false},"__globals__":{"background_color":"globals\/colors?id=text"},"padding_laptop":{"unit":"px","top":"80","right":"0","bottom":"80","left":"0","isLinked":false},"padding_tablet_extra":{"unit":"px","top":"70","right":"0","bottom":"70","left":"0","isLinked":false},"padding_tablet":{"unit":"px","top":"60","right":"0","bottom":"60","left":"0","isLinked":false},"padding_mobile_extra":{"unit":"px","top":"50","right":"0","bottom":"20","left":"0","isLinked":false},"padding_mobile":{"unit":"px","top":"40","right":"0","bottom":"10","left":"0","isLinked":false}},"elements":[{"id":"172e9002","settings":{"content_width":"full","width":{"unit":"px","size":600,"sizes":[]},"width_mobile_extra":{"unit":"%","size":100,"sizes":[]},"width_mobile":{"unit":"%","size":"","sizes":[]},"margin":{"unit":"px","top":"0","right":"0","bottom":"0","left":"0","isLinked":false},"padding":{"unit":"px","top":"0","right":"15","bottom":"60","left":"15","isLinked":false},"padding_tablet_extra":{"unit":"px","top":"0","right":"15","bottom":"40","left":"15","isLinked":false},"padding_mobile_extra":{"unit":"px","top":"0","right":"15","bottom":"20","left":"15","isLinked":false},"_flex_align_self":"center"},"elements":[{"id":"1ced9e1d","settings":{"title":"We are The Most Famous Law Firm have A History.","align":"center","_margin":{"unit":"px","top":"0","right":"0","bottom":"0","left":"0","isLinked":false},"_padding":{"unit":"px","top":"0","right":"0","bottom":"10","left":"0","isLinked":false},"__globals__":{"title_color":"globals\/colors?id=accent","typography_typography":""},"title_color":"#FFFFFF","typography_typography":"custom","typography_font_family":"Marcellus","typography_font_size":{"unit":"px","size":48,"sizes":[]},"typography_font_size_laptop":{"unit":"px","size":44,"sizes":[]},"typography_font_size_tablet":{"unit":"px","size":36,"sizes":[]},"typography_font_size_mobile_extra":{"unit":"px","size":34,"sizes":[]},"typography_font_size_mobile":{"unit":"px","size":32,"sizes":[]},"typography_font_weight":"400","typography_text_transform":"none","typography_font_style":"normal","typography_text_decoration":"none","typography_line_height":{"unit":"custom","size":"normal","sizes":[]},"_flex_align_self":"flex-start","pafe_gradient_text":"","pafe_gradient_text_color":"#670093","pafe_gradient_text_color_stop":{"unit":"%","size":0,"sizes":[]},"pafe_gradient_text_color_b":"#f2295b","pafe_gradient_text_color_b_stop":{"unit":"%","size":100,"sizes":[]},"pafe_gradient_text_gradient_type":"linear","pafe_gradient_text_gradient_angle":{"unit":"deg","size":180,"sizes":[]},"pafe_gradient_text_gradient_position":"center center","pafe_tooltip":"","pafe_tooltip_content_type":"content","pafe_tooltip_content_wysiwyg":"","pafe_tooltip_content_saved_template":"","pafe_tooltip_content_image":{"url":"http:\/\/localhost\/wakil\/wp-content\/plugins\/elementor\/assets\/images\/placeholder.png","id":"","size":""},"pafe_tooltip_duration":"300","pafe_tooltip_distance":"5","pafe_tooltip_animation_type":"scale","pafe_tooltip_placement":"top","pafe_tooltip_content_color":"#fff","pafe_tooltip_custom_width":"","pafe_tooltip_content_width":{"unit":"%","size":100,"sizes":[]},"pafe_tooltip_content_width_laptop":{"unit":"px","size":"","sizes":[]},"pafe_tooltip_content_width_tablet":{"unit":"px","size":"","sizes":[]},"pafe_tooltip_content_width_mobile_extra":{"unit":"px","size":"","sizes":[]},"pafe_tooltip_content_width_mobile":{"unit":"px","size":"","sizes":[]},"pafe_tooltip_background_color":"#000","pafe_tooltip_label_typography_typography":"","pafe_tooltip_label_typography_font_family":"","pafe_tooltip_label_typography_font_size":{"unit":"px","size":"","sizes":[]},"pafe_tooltip_label_typography_font_size_laptop":{"unit":"px","size":"","sizes":[]},"pafe_tooltip_label_typography_font_size_tablet":{"unit":"px","size":"","sizes":[]},"pafe_tooltip_label_typography_font_size_mobile_extra":{"unit":"px","size":"","sizes":[]},"pafe_tooltip_label_typography_font_size_mobile":{"unit":"px","size":"","sizes":[]},"pafe_tooltip_label_typography_font_weight":"","pafe_tooltip_label_typography_text_transform":"","pafe_tooltip_label_typography_font_style":"","pafe_tooltip_label_typography_text_decoration":"","pafe_tooltip_label_typography_line_height":{"unit":"px","size":"","sizes":[]},"pafe_tooltip_label_typography_line_height_laptop":{"unit":"px","size":"","sizes":[]},"pafe_tooltip_label_typography_line_height_tablet":{"unit":"em","size":"","sizes":[]},"pafe_tooltip_label_typography_line_height_mobile_extra":{"unit":"px","size":"","sizes":[]},"pafe_tooltip_label_typography_line_height_mobile":{"unit":"em","size":"","sizes":[]},"pafe_tooltip_label_typography_letter_spacing":{"unit":"px","size":"","sizes":[]},"pafe_tooltip_label_typography_letter_spacing_laptop":{"unit":"px","size":"","sizes":[]},"pafe_tooltip_label_typography_letter_spacing_tablet":{"unit":"px","size":"","sizes":[]},"pafe_tooltip_label_typography_letter_spacing_mobile_extra":{"unit":"px","size":"","sizes":[]},"pafe_tooltip_label_typography_letter_spacing_mobile":{"unit":"px","size":"","sizes":[]},"pafe_tooltip_label_typography_word_spacing":{"unit":"px","size":"","sizes":[]},"pafe_tooltip_label_typography_word_spacing_laptop":{"unit":"px","size":"","sizes":[]},"pafe_tooltip_label_typography_word_spacing_tablet":{"unit":"em","size":"","sizes":[]},"pafe_tooltip_label_typography_word_spacing_mobile_extra":{"unit":"px","size":"","sizes":[]},"pafe_tooltip_label_typography_word_spacing_mobile":{"unit":"em","size":"","sizes":[]},"pafe_form_style":"","pafe_form_style_width":{"unit":"%","size":100,"sizes":[]},"pafe_form_style_width_laptop":{"unit":"px","size":"","sizes":[]},"pafe_form_style_width_tablet":{"unit":"px","size":"","sizes":[]},"pafe_form_style_width_mobile_extra":{"unit":"px","size":"","sizes":[]},"pafe_form_style_width_mobile":{"unit":"px","size":"","sizes":[]},"pafe_form_style_align":"","pafe_form_style_align_laptop":"","pafe_form_style_align_tablet":"","pafe_form_style_align_mobile_extra":"","pafe_form_style_align_mobile":"","pafe_form_style_row_gap":{"unit":"px","size":20,"sizes":[]},"pafe_form_style_row_gap_laptop":{"unit":"px","size":"","sizes":[]},"pafe_form_style_row_gap_tablet":{"unit":"px","size":"","sizes":[]},"pafe_form_style_row_gap_mobile_extra":{"unit":"px","size":"","sizes":[]},"pafe_form_style_row_gap_mobile":{"unit":"px","size":"","sizes":[]},"pafe_form_style_padding":{"unit":"px","top":"","right":"","bottom":"","left":"","isLinked":true},"pafe_form_style_padding_laptop":{"unit":"px","top":"","right":"","bottom":"","left":"","isLinked":true},"pafe_form_style_padding_tablet":{"unit":"px","top":"","right":"","bottom":"","left":"","isLinked":true},"pafe_form_style_padding_mobile_extra":{"unit":"px","top":"","right":"","bottom":"","left":"","isLinked":true},"pafe_form_style_padding_mobile":{"unit":"px","top":"","right":"","bottom":"","left":"","isLinked":true},"pafe_form_style_input_border_border":"","pafe_form_style_input_border_width":{"unit":"px","top":"","right":"","bottom":"","left":"","isLinked":true},"pafe_form_style_input_border_width_laptop":{"unit":"px","top":"","right":"","bottom":"","left":"","isLinked":true},"pafe_form_style_input_border_width_tablet":{"unit":"px","top":"","right":"","bottom":"","left":"","isLinked":true},"pafe_form_style_input_border_width_mobile_extra":{"unit":"px","top":"","right":"","bottom":"","left":"","isLinked":true},"pafe_form_style_input_border_width_mobile":{"unit":"px","top":"","right":"","bottom":"","left":"","isLinked":true},"pafe_form_style_input_border_color":"","pafe_form_style_input_border_radius":{"unit":"px","top":"","right":"","bottom":"","left":"","isLinked":true},"pafe_form_style_input_border_radius_laptop":{"unit":"px","top":"","right":"","bottom":"","left":"","isLinked":true},"pafe_form_style_input_border_radius_tablet":{"unit":"px","top":"","right":"","bottom":"","left":"","isLinked":true},"pafe_form_style_input_border_radius_mobile_extra":{"unit":"px","top":"","right":"","bottom":"","left":"","isLinked":true},"pafe_form_style_input_border_radius_mobile":{"unit":"px","top":"","right":"","bottom":"","left":"","isLinked":true},"pafe_form_style_area_padding":{"unit":"px","top":"","right":"","bottom":"","left":"","isLinked":true},"pafe_form_style_area_padding_laptop":{"unit":"px","top":"","right":"","bottom":"","left":"","isLinked":true},"pafe_form_style_area_padding_tablet":{"unit":"px","top":"","right":"","bottom":"","left":"","isLinked":true},"pafe_form_style_area_padding_mobile_extra":{"unit":"px","top":"","right":"","bottom":"","left":"","isLinked":true},"pafe_form_style_area_padding_mobile":{"unit":"px","top":"","right":"","bottom":"","left":"","isLinked":true},"pafe_form_style_background_color":"#f1f1f1","pafe_form_style_label_typography":"","pafe_form_style_label_font_family":"","pafe_form_style_label_font_size":{"unit":"px","size":"","sizes":[]},"pafe_form_style_label_font_size_laptop":{"unit":"px","size":"","sizes":[]},"pafe_form_style_label_font_size_tablet":{"unit":"px","size":"","sizes":[]},"pafe_form_style_label_font_size_mobile_extra":{"unit":"px","size":"","sizes":[]},"pafe_form_style_label_font_size_mobile":{"unit":"px","size":"","sizes":[]},"pafe_form_style_label_font_weight":"","pafe_form_style_label_text_transform":"","pafe_form_style_label_font_style":"","pafe_form_style_label_text_decoration":"","pafe_form_style_label_line_height":{"unit":"px","size":"","sizes":[]},"pafe_form_style_label_line_height_laptop":{"unit":"px","size":"","sizes":[]},"pafe_form_style_label_line_height_tablet":{"unit":"em","size":"","sizes":[]},"pafe_form_style_label_line_height_mobile_extra":{"unit":"px","size":"","sizes":[]},"pafe_form_style_label_line_height_mobile":{"unit":"em","size":"","sizes":[]},"pafe_form_style_label_letter_spacing":{"unit":"px","size":"","sizes":[]},"pafe_form_style_label_letter_spacing_laptop":{"unit":"px","size":"","sizes":[]},"pafe_form_style_label_letter_spacing_tablet":{"unit":"px","size":"","sizes":[]},"pafe_form_style_label_letter_spacing_mobile_extra":{"unit":"px","size":"","sizes":[]},"pafe_form_style_label_letter_spacing_mobile":{"unit":"px","size":"","sizes":[]},"pafe_form_style_label_word_spacing":{"unit":"px","size":"","sizes":[]},"pafe_form_style_label_word_spacing_laptop":{"unit":"px","size":"","sizes":[]},"pafe_form_style_label_word_spacing_tablet":{"unit":"em","size":"","sizes":[]},"pafe_form_style_label_word_spacing_mobile_extra":{"unit":"px","size":"","sizes":[]},"pafe_form_style_label_word_spacing_mobile":{"unit":"em","size":"","sizes":[]},"pafe_form_style_label_color":"#000","pafe_form_style_label_spacing":{"unit":"px","size":0,"sizes":[]},"pafe_form_style_label_spacing_laptop":{"unit":"px","size":"","sizes":[]},"pafe_form_style_label_spacing_tablet":{"unit":"px","size":"","sizes":[]},"pafe_form_style_label_spacing_mobile_extra":{"unit":"px","size":"","sizes":[]},"pafe_form_style_label_spacing_mobile":{"unit":"px","size":"","sizes":[]},"pafe_form_style_placeholder_typography":"","pafe_form_style_placeholder_font_family":"","pafe_form_style_placeholder_font_size":{"unit":"px","size":"","sizes":[]},"pafe_form_style_placeholder_font_size_laptop":{"unit":"px","size":"","sizes":[]},"pafe_form_style_placeholder_font_size_tablet":{"unit":"px","size":"","sizes":[]},"pafe_form_style_placeholder_font_size_mobile_extra":{"unit":"px","size":"","sizes":[]},"pafe_form_style_placeholder_font_size_mobile":{"unit":"px","size":"","sizes":[]},"pafe_form_style_placeholder_font_weight":"","pafe_form_style_placeholder_text_transform":"","pafe_form_style_placeholder_font_style":"","pafe_form_style_placeholder_text_decoration":"","pafe_form_style_placeholder_line_height":{"unit":"px","size":"","sizes":[]},"pafe_form_style_placeholder_line_height_laptop":{"unit":"px","size":"","sizes":[]},"pafe_form_style_placeholder_line_height_tablet":{"unit":"em","size":"","sizes":[]},"pafe_form_style_placeholder_line_height_mobile_extra":{"unit":"px","size":"","sizes":[]},"pafe_form_style_placeholder_line_height_mobile":{"unit":"em","size":"","sizes":[]},"pafe_form_style_placeholder_letter_spacing":{"unit":"px","size":"","sizes":[]},"pafe_form_style_placeholder_letter_spacing_laptop":{"unit":"px","size":"","sizes":[]},"pafe_form_style_placeholder_letter_spacing_tablet":{"unit":"px","size":"","sizes":[]},"pafe_form_style_placeholder_letter_spacing_mobile_extra":{"unit":"px","size":"","sizes":[]},"pafe_form_style_placeholder_letter_spacing_mobile":{"unit":"px","size":"","sizes":[]},"pafe_form_style_placeholder_word_spacing":{"unit":"px","size":"","sizes":[]},"pafe_form_style_placeholder_word_spacing_laptop":{"unit":"px","size":"","sizes":[]},"pafe_form_style_placeholder_word_spacing_tablet":{"unit":"em","size":"","sizes":[]},"pafe_form_style_placeholder_word_spacing_mobile_extra":{"unit":"px","size":"","sizes":[]},"pafe_form_style_placeholder_word_spacing_mobile":{"unit":"em","size":"","sizes":[]},"pafe_form_style_placeholder_color":"#7D7676","pafe_form_style_button_typography":"","pafe_form_style_button_font_family":"","pafe_form_style_button_font_size":{"unit":"px","size":"","sizes":[]},"pafe_form_style_button_font_size_laptop":{"unit":"px","size":"","sizes":[]},"pafe_form_style_button_font_size_tablet":{"unit":"px","size":"","sizes":[]},"pafe_form_style_button_font_size_mobile_extra":{"unit":"px","size":"","sizes":[]},"pafe_form_style_button_font_size_mobile":{"unit":"px","size":"","sizes":[]},"pafe_form_style_button_font_weight":"","pafe_form_style_button_text_transform":"","pafe_form_style_button_font_style":"","pafe_form_style_button_text_decoration":"","pafe_form_style_button_line_height":{"unit":"px","size":"","sizes":[]},"pafe_form_style_button_line_height_laptop":{"unit":"px","size":"","sizes":[]},"pafe_form_style_button_line_height_tablet":{"unit":"em","size":"","sizes":[]},"pafe_form_style_button_line_height_mobile_extra":{"unit":"px","size":"","sizes":[]},"pafe_form_style_button_line_height_mobile":{"unit":"em","size":"","sizes":[]},"pafe_form_style_button_letter_spacing":{"unit":"px","size":"","sizes":[]},"pafe_form_style_button_letter_spacing_laptop":{"unit":"px","size":"","sizes":[]},"pafe_form_style_button_letter_spacing_tablet":{"unit":"px","size":"","sizes":[]},"pafe_form_style_button_letter_spacing_mobile_extra":{"unit":"px","size":"","sizes":[]},"pafe_form_style_button_letter_spacing_mobile":{"unit":"px","size":"","sizes":[]},"pafe_form_style_button_word_spacing":{"unit":"px","size":"","sizes":[]},"pafe_form_style_button_word_spacing_laptop":{"unit":"px","size":"","sizes":[]},"pafe_form_style_button_word_spacing_tablet":{"unit":"em","size":"","sizes":[]},"pafe_form_style_button_word_spacing_mobile_extra":{"unit":"px","size":"","sizes":[]},"pafe_form_style_button_word_spacing_mobile":{"unit":"em","size":"","sizes":[]},"pafe_form_style_button_width":{"unit":"%","size":100,"sizes":[]},"pafe_form_style_button_width_laptop":{"unit":"px","size":"","sizes":[]},"pafe_form_style_button_width_tablet":{"unit":"px","size":"","sizes":[]},"pafe_form_style_button_width_mobile_extra":{"unit":"px","size":"","sizes":[]},"pafe_form_style_button_width_mobile":{"unit":"px","size":"","sizes":[]},"pafe_form_style_margin":{"unit":"px","top":"","right":"","bottom":"","left":"","isLinked":true},"pafe_form_style_margin_laptop":{"unit":"px","top":"","right":"","bottom":"","left":"","isLinked":true},"pafe_form_style_margin_tablet":{"unit":"px","top":"","right":"","bottom":"","left":"","isLinked":true},"pafe_form_style_margin_mobile_extra":{"unit":"px","top":"","right":"","bottom":"","left":"","isLinked":true},"pafe_form_style_margin_mobile":{"unit":"px","top":"","right":"","bottom":"","left":"","isLinked":true},"pafe_form_style_button_color_normal":"#fff","pafe_form_style_background_color_normal":"#6EC1E4","pafe_form_style_button_color_hover":"#fff","pafe_form_style_background_color_hover":"#04A5E9","pafe_form_style_button_padding":{"unit":"px","top":"","right":"","bottom":"","left":"","isLinked":true},"pafe_form_style_button_padding_laptop":{"unit":"px","top":"","right":"","bottom":"","left":"","isLinked":true},"pafe_form_style_button_padding_tablet":{"unit":"px","top":"","right":"","bottom":"","left":"","isLinked":true},"pafe_form_style_button_padding_mobile_extra":{"unit":"px","top":"","right":"","bottom":"","left":"","isLinked":true},"pafe_form_style_button_padding_mobile":{"unit":"px","top":"","right":"","bottom":"","left":"","isLinked":true},"pafe_form_style_button_border_border":"","pafe_form_style_button_border_width":{"unit":"px","top":"","right":"","bottom":"","left":"","isLinked":true},"pafe_form_style_button_border_width_laptop":{"unit":"px","top":"","right":"","bottom":"","left":"","isLinked":true},"pafe_form_style_button_border_width_tablet":{"unit":"px","top":"","right":"","bottom":"","left":"","isLinked":true},"pafe_form_style_button_border_width_mobile_extra":{"unit":"px","top":"","right":"","bottom":"","left":"","isLinked":true},"pafe_form_style_button_border_width_mobile":{"unit":"px","top":"","right":"","bottom":"","left":"","isLinked":true},"pafe_form_style_button_border_color":"","pafe_form_style_button_border_radius":{"unit":"px","top":"","right":"","bottom":"","left":"","isLinked":true},"pafe_form_style_button_border_radius_laptop":{"unit":"px","top":"","right":"","bottom":"","left":"","isLinked":true},"pafe_form_style_button_border_radius_tablet":{"unit":"px","top":"","right":"","bottom":"","left":"","isLinked":true},"pafe_form_style_button_border_radius_mobile_extra":{"unit":"px","top":"","right":"","bottom":"","left":"","isLinked":true},"pafe_form_style_button_border_radius_mobile":{"unit":"px","top":"","right":"","bottom":"","left":"","isLinked":true},"_flex_align_self_mobile_extra":"center"},"elements":[],"isInner":false,"widgetType":"heading","elType":"widget"},{"id":"75e0d62e","settings":{"image":{"id":"231","url":"http:\/\/localhost\/wakil\/wp-content\/uploads\/2024\/05\/border_icon-3.png"},"width":{"unit":"%","size":100,"sizes":[]},"space":{"unit":"px","size":36,"sizes":[]},"space_tablet":{"unit":"px","size":"","sizes":[]},"space_mobile":{"unit":"px","size":"","sizes":[]},"height":{"unit":"px","size":30,"sizes":[]},"object-fit":"contain","_margin":{"unit":"px","top":"0","right":"0","bottom":"0","left":"0","isLinked":false},"_padding":{"unit":"px","top":"0","right":"120","bottom":"0","left":"120","isLinked":false},"_css_classes":"before_after_border left_side_image_conatin","_animation":"slideInUp","align":"center","_flex_align_self":"center","_flex_size":"shrink","_margin_laptop":{"unit":"px","top":"0","right":"0","bottom":"0","left":"0","isLinked":false},"_flex_align_self_mobile_extra":"center","pafe_tooltip":"","pafe_tooltip_content_type":"content","pafe_tooltip_content_wysiwyg":"","pafe_tooltip_content_saved_template":"","pafe_tooltip_content_image":{"url":"http:\/\/localhost\/wakil\/wp-content\/plugins\/elementor\/assets\/images\/placeholder.png","id":"","size":""},"pafe_tooltip_duration":"300","pafe_tooltip_distance":"5","pafe_tooltip_animation_type":"scale","pafe_tooltip_placement":"top","pafe_tooltip_content_color":"#fff","pafe_tooltip_custom_width":"","pafe_tooltip_content_width":{"unit":"%","size":100,"sizes":[]},"pafe_tooltip_content_width_laptop":{"unit":"px","size":"","sizes":[]},"pafe_tooltip_content_width_tablet":{"unit":"px","size":"","sizes":[]},"pafe_tooltip_content_width_mobile_extra":{"unit":"px","size":"","sizes":[]},"pafe_tooltip_content_width_mobile":{"unit":"px","size":"","sizes":[]},"pafe_tooltip_background_color":"#000","pafe_tooltip_label_typography_typography":"","pafe_tooltip_label_typography_font_family":"","pafe_tooltip_label_typography_font_size":{"unit":"px","size":"","sizes":[]},"pafe_tooltip_label_typography_font_size_laptop":{"unit":"px","size":"","sizes":[]},"pafe_tooltip_label_typography_font_size_tablet":{"unit":"px","size":"","sizes":[]},"pafe_tooltip_label_typography_font_size_mobile_extra":{"unit":"px","size":"","sizes":[]},"pafe_tooltip_label_typography_font_size_mobile":{"unit":"px","size":"","sizes":[]},"pafe_tooltip_label_typography_font_weight":"","pafe_tooltip_label_typography_text_transform":"","pafe_tooltip_label_typography_font_style":"","pafe_tooltip_label_typography_text_decoration":"","pafe_tooltip_label_typography_line_height":{"unit":"px","size":"","sizes":[]},"pafe_tooltip_label_typography_line_height_laptop":{"unit":"px","size":"","sizes":[]},"pafe_tooltip_label_typography_line_height_tablet":{"unit":"em","size":"","sizes":[]},"pafe_tooltip_label_typography_line_height_mobile_extra":{"unit":"px","size":"","sizes":[]},"pafe_tooltip_label_typography_line_height_mobile":{"unit":"em","size":"","sizes":[]},"pafe_tooltip_label_typography_letter_spacing":{"unit":"px","size":"","sizes":[]},"pafe_tooltip_label_typography_letter_spacing_laptop":{"unit":"px","size":"","sizes":[]},"pafe_tooltip_label_typography_letter_spacing_tablet":{"unit":"px","size":"","sizes":[]},"pafe_tooltip_label_typography_letter_spacing_mobile_extra":{"unit":"px","size":"","sizes":[]},"pafe_tooltip_label_typography_letter_spacing_mobile":{"unit":"px","size":"","sizes":[]},"pafe_tooltip_label_typography_word_spacing":{"unit":"px","size":"","sizes":[]},"pafe_tooltip_label_typography_word_spacing_laptop":{"unit":"px","size":"","sizes":[]},"pafe_tooltip_label_typography_word_spacing_tablet":{"unit":"em","size":"","sizes":[]},"pafe_tooltip_label_typography_word_spacing_mobile_extra":{"unit":"px","size":"","sizes":[]},"pafe_tooltip_label_typography_word_spacing_mobile":{"unit":"em","size":"","sizes":[]},"pafe_form_style":"","pafe_form_style_width":{"unit":"%","size":100,"sizes":[]},"pafe_form_style_width_laptop":{"unit":"px","size":"","sizes":[]},"pafe_form_style_width_tablet":{"unit":"px","size":"","sizes":[]},"pafe_form_style_width_mobile_extra":{"unit":"px","size":"","sizes":[]},"pafe_form_style_width_mobile":{"unit":"px","size":"","sizes":[]},"pafe_form_style_align":"","pafe_form_style_align_laptop":"","pafe_form_style_align_tablet":"","pafe_form_style_align_mobile_extra":"","pafe_form_style_align_mobile":"","pafe_form_style_row_gap":{"unit":"px","size":20,"sizes":[]},"pafe_form_style_row_gap_laptop":{"unit":"px","size":"","sizes":[]},"pafe_form_style_row_gap_tablet":{"unit":"px","size":"","sizes":[]},"pafe_form_style_row_gap_mobile_extra":{"unit":"px","size":"","sizes":[]},"pafe_form_style_row_gap_mobile":{"unit":"px","size":"","sizes":[]},"pafe_form_style_padding":{"unit":"px","top":"","right":"","bottom":"","left":"","isLinked":true},"pafe_form_style_padding_laptop":{"unit":"px","top":"","right":"","bottom":"","left":"","isLinked":true},"pafe_form_style_padding_tablet":{"unit":"px","top":"","right":"","bottom":"","left":"","isLinked":true},"pafe_form_style_padding_mobile_extra":{"unit":"px","top":"","right":"","bottom":"","left":"","isLinked":true},"pafe_form_style_padding_mobile":{"unit":"px","top":"","right":"","bottom":"","left":"","isLinked":true},"pafe_form_style_input_border_border":"","pafe_form_style_input_border_width":{"unit":"px","top":"","right":"","bottom":"","left":"","isLinked":true},"pafe_form_style_input_border_width_laptop":{"unit":"px","top":"","right":"","bottom":"","left":"","isLinked":true},"pafe_form_style_input_border_width_tablet":{"unit":"px","top":"","right":"","bottom":"","left":"","isLinked":true},"pafe_form_style_input_border_width_mobile_extra":{"unit":"px","top":"","right":"","bottom":"","left":"","isLinked":true},"pafe_form_style_input_border_width_mobile":{"unit":"px","top":"","right":"","bottom":"","left":"","isLinked":true},"pafe_form_style_input_border_color":"","pafe_form_style_input_border_radius":{"unit":"px","top":"","right":"","bottom":"","left":"","isLinked":true},"pafe_form_style_input_border_radius_laptop":{"unit":"px","top":"","right":"","bottom":"","left":"","isLinked":true},"pafe_form_style_input_border_radius_tablet":{"unit":"px","top":"","right":"","bottom":"","left":"","isLinked":true},"pafe_form_style_input_border_radius_mobile_extra":{"unit":"px","top":"","right":"","bottom":"","left":"","isLinked":true},"pafe_form_style_input_border_radius_mobile":{"unit":"px","top":"","right":"","bottom":"","left":"","isLinked":true},"pafe_form_style_area_padding":{"unit":"px","top":"","right":"","bottom":"","left":"","isLinked":true},"pafe_form_style_area_padding_laptop":{"unit":"px","top":"","right":"","bottom":"","left":"","isLinked":true},"pafe_form_style_area_padding_tablet":{"unit":"px","top":"","right":"","bottom":"","left":"","isLinked":true},"pafe_form_style_area_padding_mobile_extra":{"unit":"px","top":"","right":"","bottom":"","left":"","isLinked":true},"pafe_form_style_area_padding_mobile":{"unit":"px","top":"","right":"","bottom":"","left":"","isLinked":true},"pafe_form_style_background_color":"#f1f1f1","pafe_form_style_label_typography":"","pafe_form_style_label_font_family":"","pafe_form_style_label_font_size":{"unit":"px","size":"","sizes":[]},"pafe_form_style_label_font_size_laptop":{"unit":"px","size":"","sizes":[]},"pafe_form_style_label_font_size_tablet":{"unit":"px","size":"","sizes":[]},"pafe_form_style_label_font_size_mobile_extra":{"unit":"px","size":"","sizes":[]},"pafe_form_style_label_font_size_mobile":{"unit":"px","size":"","sizes":[]},"pafe_form_style_label_font_weight":"","pafe_form_style_label_text_transform":"","pafe_form_style_label_font_style":"","pafe_form_style_label_text_decoration":"","pafe_form_style_label_line_height":{"unit":"px","size":"","sizes":[]},"pafe_form_style_label_line_height_laptop":{"unit":"px","size":"","sizes":[]},"pafe_form_style_label_line_height_tablet":{"unit":"em","size":"","sizes":[]},"pafe_form_style_label_line_height_mobile_extra":{"unit":"px","size":"","sizes":[]},"pafe_form_style_label_line_height_mobile":{"unit":"em","size":"","sizes":[]},"pafe_form_style_label_letter_spacing":{"unit":"px","size":"","sizes":[]},"pafe_form_style_label_letter_spacing_laptop":{"unit":"px","size":"","sizes":[]},"pafe_form_style_label_letter_spacing_tablet":{"unit":"px","size":"","sizes":[]},"pafe_form_style_label_letter_spacing_mobile_extra":{"unit":"px","size":"","sizes":[]},"pafe_form_style_label_letter_spacing_mobile":{"unit":"px","size":"","sizes":[]},"pafe_form_style_label_word_spacing":{"unit":"px","size":"","sizes":[]},"pafe_form_style_label_word_spacing_laptop":{"unit":"px","size":"","sizes":[]},"pafe_form_style_label_word_spacing_tablet":{"unit":"em","size":"","sizes":[]},"pafe_form_style_label_word_spacing_mobile_extra":{"unit":"px","size":"","sizes":[]},"pafe_form_style_label_word_spacing_mobile":{"unit":"em","size":"","sizes":[]},"pafe_form_style_label_color":"#000","pafe_form_style_label_spacing":{"unit":"px","size":0,"sizes":[]},"pafe_form_style_label_spacing_laptop":{"unit":"px","size":"","sizes":[]},"pafe_form_style_label_spacing_tablet":{"unit":"px","size":"","sizes":[]},"pafe_form_style_label_spacing_mobile_extra":{"unit":"px","size":"","sizes":[]},"pafe_form_style_label_spacing_mobile":{"unit":"px","size":"","sizes":[]},"pafe_form_style_placeholder_typography":"","pafe_form_style_placeholder_font_family":"","pafe_form_style_placeholder_font_size":{"unit":"px","size":"","sizes":[]},"pafe_form_style_placeholder_font_size_laptop":{"unit":"px","size":"","sizes":[]},"pafe_form_style_placeholder_font_size_tablet":{"unit":"px","size":"","sizes":[]},"pafe_form_style_placeholder_font_size_mobile_extra":{"unit":"px","size":"","sizes":[]},"pafe_form_style_placeholder_font_size_mobile":{"unit":"px","size":"","sizes":[]},"pafe_form_style_placeholder_font_weight":"","pafe_form_style_placeholder_text_transform":"","pafe_form_style_placeholder_font_style":"","pafe_form_style_placeholder_text_decoration":"","pafe_form_style_placeholder_line_height":{"unit":"px","size":"","sizes":[]},"pafe_form_style_placeholder_line_height_laptop":{"unit":"px","size":"","sizes":[]},"pafe_form_style_placeholder_line_height_tablet":{"unit":"em","size":"","sizes":[]},"pafe_form_style_placeholder_line_height_mobile_extra":{"unit":"px","size":"","sizes":[]},"pafe_form_style_placeholder_line_height_mobile":{"unit":"em","size":"","sizes":[]},"pafe_form_style_placeholder_letter_spacing":{"unit":"px","size":"","sizes":[]},"pafe_form_style_placeholder_letter_spacing_laptop":{"unit":"px","size":"","sizes":[]},"pafe_form_style_placeholder_letter_spacing_tablet":{"unit":"px","size":"","sizes":[]},"pafe_form_style_placeholder_letter_spacing_mobile_extra":{"unit":"px","size":"","sizes":[]},"pafe_form_style_placeholder_letter_spacing_mobile":{"unit":"px","size":"","sizes":[]},"pafe_form_style_placeholder_word_spacing":{"unit":"px","size":"","sizes":[]},"pafe_form_style_placeholder_word_spacing_laptop":{"unit":"px","size":"","sizes":[]},"pafe_form_style_placeholder_word_spacing_tablet":{"unit":"em","size":"","sizes":[]},"pafe_form_style_placeholder_word_spacing_mobile_extra":{"unit":"px","size":"","sizes":[]},"pafe_form_style_placeholder_word_spacing_mobile":{"unit":"em","size":"","sizes":[]},"pafe_form_style_placeholder_color":"#7D7676","pafe_form_style_button_typography":"","pafe_form_style_button_font_family":"","pafe_form_style_button_font_size":{"unit":"px","size":"","sizes":[]},"pafe_form_style_button_font_size_laptop":{"unit":"px","size":"","sizes":[]},"pafe_form_style_button_font_size_tablet":{"unit":"px","size":"","sizes":[]},"pafe_form_style_button_font_size_mobile_extra":{"unit":"px","size":"","sizes":[]},"pafe_form_style_button_font_size_mobile":{"unit":"px","size":"","sizes":[]},"pafe_form_style_button_font_weight":"","pafe_form_style_button_text_transform":"","pafe_form_style_button_font_style":"","pafe_form_style_button_text_decoration":"","pafe_form_style_button_line_height":{"unit":"px","size":"","sizes":[]},"pafe_form_style_button_line_height_laptop":{"unit":"px","size":"","sizes":[]},"pafe_form_style_button_line_height_tablet":{"unit":"em","size":"","sizes":[]},"pafe_form_style_button_line_height_mobile_extra":{"unit":"px","size":"","sizes":[]},"pafe_form_style_button_line_height_mobile":{"unit":"em","size":"","sizes":[]},"pafe_form_style_button_letter_spacing":{"unit":"px","size":"","sizes":[]},"pafe_form_style_button_letter_spacing_laptop":{"unit":"px","size":"","sizes":[]},"pafe_form_style_button_letter_spacing_tablet":{"unit":"px","size":"","sizes":[]},"pafe_form_style_button_letter_spacing_mobile_extra":{"unit":"px","size":"","sizes":[]},"pafe_form_style_button_letter_spacing_mobile":{"unit":"px","size":"","sizes":[]},"pafe_form_style_button_word_spacing":{"unit":"px","size":"","sizes":[]},"pafe_form_style_button_word_spacing_laptop":{"unit":"px","size":"","sizes":[]},"pafe_form_style_button_word_spacing_tablet":{"unit":"em","size":"","sizes":[]},"pafe_form_style_button_word_spacing_mobile_extra":{"unit":"px","size":"","sizes":[]},"pafe_form_style_button_word_spacing_mobile":{"unit":"em","size":"","sizes":[]},"pafe_form_style_button_width":{"unit":"%","size":100,"sizes":[]},"pafe_form_style_button_width_laptop":{"unit":"px","size":"","sizes":[]},"pafe_form_style_button_width_tablet":{"unit":"px","size":"","sizes":[]},"pafe_form_style_button_width_mobile_extra":{"unit":"px","size":"","sizes":[]},"pafe_form_style_button_width_mobile":{"unit":"px","size":"","sizes":[]},"pafe_form_style_margin":{"unit":"px","top":"","right":"","bottom":"","left":"","isLinked":true},"pafe_form_style_margin_laptop":{"unit":"px","top":"","right":"","bottom":"","left":"","isLinked":true},"pafe_form_style_margin_tablet":{"unit":"px","top":"","right":"","bottom":"","left":"","isLinked":true},"pafe_form_style_margin_mobile_extra":{"unit":"px","top":"","right":"","bottom":"","left":"","isLinked":true},"pafe_form_style_margin_mobile":{"unit":"px","top":"","right":"","bottom":"","left":"","isLinked":true},"pafe_form_style_button_color_normal":"#fff","pafe_form_style_background_color_normal":"#6EC1E4","pafe_form_style_button_color_hover":"#fff","pafe_form_style_background_color_hover":"#04A5E9","pafe_form_style_button_padding":{"unit":"px","top":"","right":"","bottom":"","left":"","isLinked":true},"pafe_form_style_button_padding_laptop":{"unit":"px","top":"","right":"","bottom":"","left":"","isLinked":true},"pafe_form_style_button_padding_tablet":{"unit":"px","top":"","right":"","bottom":"","left":"","isLinked":true},"pafe_form_style_button_padding_mobile_extra":{"unit":"px","top":"","right":"","bottom":"","left":"","isLinked":true},"pafe_form_style_button_padding_mobile":{"unit":"px","top":"","right":"","bottom":"","left":"","isLinked":true},"pafe_form_style_button_border_border":"","pafe_form_style_button_border_width":{"unit":"px","top":"","right":"","bottom":"","left":"","isLinked":true},"pafe_form_style_button_border_width_laptop":{"unit":"px","top":"","right":"","bottom":"","left":"","isLinked":true},"pafe_form_style_button_border_width_tablet":{"unit":"px","top":"","right":"","bottom":"","left":"","isLinked":true},"pafe_form_style_button_border_width_mobile_extra":{"unit":"px","top":"","right":"","bottom":"","left":"","isLinked":true},"pafe_form_style_button_border_width_mobile":{"unit":"px","top":"","right":"","bottom":"","left":"","isLinked":true},"pafe_form_style_button_border_color":"","pafe_form_style_button_border_radius":{"unit":"px","top":"","right":"","bottom":"","left":"","isLinked":true},"pafe_form_style_button_border_radius_laptop":{"unit":"px","top":"","right":"","bottom":"","left":"","isLinked":true},"pafe_form_style_button_border_radius_tablet":{"unit":"px","top":"","right":"","bottom":"","left":"","isLinked":true},"pafe_form_style_button_border_radius_mobile_extra":{"unit":"px","top":"","right":"","bottom":"","left":"","isLinked":true},"pafe_form_style_button_border_radius_mobile":{"unit":"px","top":"","right":"","bottom":"","left":"","isLinked":true}},"elements":[],"isInner":false,"widgetType":"image","elType":"widget"}],"isInner":true,"elType":"container"},{"id":"4ac7a0cb","settings":{"_margin":{"unit":"px","top":"0","right":"0","bottom":"0","left":"0","isLinked":false},"_padding":{"unit":"px","top":"0","right":"0","bottom":"0","left":"0","isLinked":false},"history_items":[{"date":"2018","event":"New Year's Day","_id":"36e6796","title":"We are Started new at Wakil Law Firm.","description":"Vitae eleifend magna nisi at sem nec neque odio. Quam semper etiam tincidunt leo pharetra neque mollis. Scelerisque libero lectus tortor.","titles":"New Year's Day"},{"date":"2019","event":"New Year's Day","title":"Best Law Firm Company of The Year.","description":"Sed massa felis aliquam eu et neque. Auctor velit aliquam ipsum eget lacus adipiscing. Est tincidunt auctor diam proin ac. Rhoncus non convallis.","_id":"abc4a5b","titles":"New Year's Day"},{"date":"2020","event":"New Year's Day","title":"Opening New One Office at A Time.","description":"Sed vitae sed lorem lacus diam tortor aliquam fermentum. Pellentesque lectus facilisis enim rhoncus habitant quisque. Magna vitae ornare mi.","_id":"e8b5e05","titles":"New Year's Day"},{"date":"2021","event":"New Year's Day","title":"Best Law Firm Company of The Year.","description":"Cursus vulputate id urna tempus. Purus amet viverra at consectetur vel. Nulla fusce neque semper quis eget malesuada risus sit. Morbi.","_id":"315760e","titles":"New Year's Day"},{"date":"2022","event":"New Year's Day","title":"Best Law Firm Company of The Year.","description":"Cursus vulputate id urna tempus. Purus amet viverra at consectetur vel. Nulla fusce neque semper quis eget malesuada risus sit. Morbi.","_id":"d203161","titles":"New Year's Day"}],"__globals__":{"date_color":"globals\/colors?id=primary","title_color":"globals\/colors?id=accent","description_color":"globals\/colors?id=977c281","tab_title_color":"globals\/colors?id=accent","tab_content_color":"globals\/colors?id=977c281"},"date_typography_typography":"custom","date_typography_font_size":{"unit":"px","size":32,"sizes":[]},"tabs":[{"tab_title":"We are Started new at Wakil Law Firm.","tab_content":"<p>Vitae eleifend magna nisi at sem nec neque odio. Quam semper etiam tincidunt leo pharetra neque mollis. Scelerisque libero lectus tortor.<\/p>","_id":"39ea42d","tab_year":2018},{"tab_title":"Best Law Firm Company of The Year.","tab_content":"<p>Sed massa felis aliquam eu et neque. Auctor velit aliquam ipsum eget lacus adipiscing. Est tincidunt auctor diam proin ac. Rhoncus non convallis.<\/p>","_id":"dcd4e48","tab_year":2019},{"_id":"1ae67f7","tab_year":2020,"tab_title":"Opening New One Office at A Time.","tab_content":"<p>Sed vitae sed lorem lacus diam tortor aliquam fermentum. Pellentesque lectus facilisis enim rhoncus habitant quisque. Magna vitae ornare mi.<\/p>"},{"tab_year":2021,"tab_title":"Best Law Firm Company of The Year.","tab_content":"<p>Cursus vulputate id urna tempus. Purus amet viverra at consectetur vel. Nulla fusce neque semper quis eget malesuada risus sit. Morbi.<\/p>","_id":"ae4e185"},{"tab_title":"We are Started new at Wakil Law Firm.","tab_content":"<p>Vitae eleifend magna nisi at sem nec neque odio. Quam semper etiam tincidunt leo pharetra neque mollis. Scelerisque libero lectus tortor.<\/p>","tab_year":2022,"_id":"c9fc4dc"},{"tab_title":"Best Law Firm Company of The Year.","tab_content":"<p>Sed massa felis aliquam eu et neque. Auctor velit aliquam ipsum eget lacus adipiscing. Est tincidunt auctor diam proin ac. Rhoncus non convallis.<\/p>","tab_year":2023,"_id":"fed90dc"},{"tab_year":2024,"tab_title":"Best Law Firm Company of The Year.","tab_content":"<p>Cursus vulputate id urna tempus. Purus amet viverra at consectetur vel. Nulla fusce neque semper quis eget malesuada risus sit. Morbi.<\/p>","_id":"7a19969"}],"date_typography_font_family":"Marcellus","date_typography_font_size_tablet":{"unit":"px","size":28,"sizes":[]},"date_typography_font_weight":"400","date_typography_text_transform":"none","date_typography_font_style":"normal","date_typography_text_decoration":"none","date_typography_line_height":{"unit":"custom","size":"normal","sizes":[]},"date_typography_line_height_laptop":{"unit":"custom","size":"","sizes":[]},"date_typography_line_height_tablet_extra":{"unit":"custom","size":"","sizes":[]},"date_typography_line_height_tablet":{"unit":"custom","size":"","sizes":[]},"date_typography_line_height_mobile_extra":{"unit":"custom","size":"","sizes":[]},"date_typography_line_height_mobile":{"unit":"custom","size":"","sizes":[]},"date_typography_letter_spacing":{"unit":"px","size":0,"sizes":[]},"date_typography_word_spacing":{"unit":"px","size":0,"sizes":[]},"tab_title_typography_typography":"custom","tab_title_typography_font_family":"Marcellus","tab_title_typography_font_size":{"unit":"px","size":24,"sizes":[]},"tab_title_typography_font_size_tablet":{"unit":"px","size":22,"sizes":[]},"tab_title_typography_font_weight":"400","tab_title_typography_text_transform":"none","tab_title_typography_font_style":"normal","tab_title_typography_text_decoration":"none","tab_title_typography_line_height":{"unit":"custom","size":"normal","sizes":[]},"tab_title_typography_line_height_laptop":{"unit":"custom","size":"","sizes":[]},"tab_title_typography_line_height_tablet_extra":{"unit":"custom","size":"","sizes":[]},"tab_title_typography_line_height_tablet":{"unit":"custom","size":"","sizes":[]},"tab_title_typography_line_height_mobile_extra":{"unit":"custom","size":"","sizes":[]},"tab_title_typography_line_height_mobile":{"unit":"custom","size":"","sizes":[]},"tab_title_typography_letter_spacing":{"unit":"px","size":0,"sizes":[]},"tab_title_typography_word_spacing":{"unit":"px","size":0,"sizes":[]},"tab_content_typography_typography":"custom","tab_content_typography_font_family":"Mulish","tab_content_typography_font_size":{"unit":"px","size":15,"sizes":[]},"tab_content_typography_font_weight":"500","tab_content_typography_text_transform":"none","tab_content_typography_font_style":"normal","tab_content_typography_text_decoration":"none","tab_content_typography_line_height":{"unit":"px","size":30,"sizes":[]}},"elements":[],"isInner":false,"widgetType":"history_list","elType":"widget"}],"isInner":false,"elType":"container"}],"settings":{"template":"dumy.php"},"metadata":{"page_footer_style":""}}