{"content":[{"id":"4391b59d","settings":{"flex_direction":"column","content_width":"full","width":{"unit":"%","size":100,"sizes":[]},"width_laptop":{"unit":"%","size":"","sizes":[]},"width_tablet_extra":{"unit":"%","size":"","sizes":[]},"width_tablet":{"unit":"%","size":"","sizes":[]},"width_mobile_extra":{"unit":"%","size":"","sizes":[]},"width_mobile":{"unit":"%","size":"","sizes":[]},"background_background":"classic","margin":{"unit":"px","top":"0","right":"0","bottom":"0","left":"0","isLinked":false},"padding":{"unit":"px","top":"0","right":"0","bottom":"0","left":"0","isLinked":false},"__globals__":{"background_color":"globals\/colors?id=text"}},"elements":[{"id":"5c56d879","settings":{"content_width":"full","width":{"unit":"%","size":100,"sizes":[]},"width_tablet_extra":{"unit":"%","size":100,"sizes":[]},"width_tablet":{"unit":"%","size":"","sizes":[]},"width_mobile_extra":{"unit":"%","size":"","sizes":[]},"width_mobile":{"unit":"%","size":"","sizes":[]},"margin":{"unit":"px","top":"0","right":"0","bottom":"0","left":"0","isLinked":false},"padding":{"unit":"px","top":"0","right":"0","bottom":"0","left":"0","isLinked":true},"padding_laptop":{"unit":"px","top":"0","right":"0","bottom":"0","left":"0","isLinked":true},"padding_tablet_extra":{"unit":"px","top":"0","right":"0","bottom":"0","left":"0","isLinked":true},"padding_tablet":{"unit":"px","top":"0","right":"0","bottom":"0","left":"0","isLinked":true},"padding_mobile_extra":{"unit":"px","top":"0","right":"0","bottom":"0","left":"0","isLinked":true},"padding_mobile":{"unit":"px","top":"0","right":"0","bottom":"0","left":"0","isLinked":true},"_flex_align_self":"center","width_laptop":{"unit":"%","size":"","sizes":[]}},"elements":[{"id":"409419d0","settings":{"content_width":"full","margin":{"unit":"px","top":"0","right":"0","bottom":"0","left":"0","isLinked":false},"padding":{"unit":"px","top":"0","right":"0","bottom":"100","left":"0","isLinked":false},"padding_laptop":{"unit":"px","top":"0","right":"0","bottom":"80","left":"0","isLinked":false},"padding_tablet_extra":{"unit":"px","top":"0","right":"0","bottom":"70","left":"0","isLinked":false},"padding_tablet":{"unit":"px","top":"0","right":"0","bottom":"60","left":"0","isLinked":false},"padding_mobile_extra":{"unit":"px","top":"0","right":"0","bottom":"50","left":"0","isLinked":false},"padding_mobile":{"unit":"px","top":"0","right":"0","bottom":"40","left":"0","isLinked":false},"css_classes":"single_service_slider"},"elements":[{"id":"5088b679","settings":{"image":{"id":909,"url":"http:\/\/localhost\/wakil\/wp-content\/uploads\/2024\/05\/os-1-1.jpg"},"width":{"unit":"%","size":100,"sizes":[]},"_margin":{"unit":"px","top":"0","right":"0","bottom":"0","left":"0","isLinked":false},"_padding":{"unit":"px","top":"0","right":"0","bottom":"0","left":"0","isLinked":false}},"elements":[],"isInner":false,"widgetType":"image","elType":"widget"},{"id":"3f6bf165","settings":{"image":{"id":910,"url":"http:\/\/localhost\/wakil\/wp-content\/uploads\/2024\/05\/os-2-1.jpg"},"width":{"unit":"%","size":100,"sizes":[]},"_margin":{"unit":"px","top":"0","right":"0","bottom":"0","left":"0","isLinked":false},"_padding":{"unit":"px","top":"0","right":"0","bottom":"0","left":"0","isLinked":false}},"elements":[],"isInner":false,"widgetType":"image","elType":"widget"}],"isInner":true,"elType":"container"},{"id":"1ea683e2","settings":{"select_option":"featured_image","alignment":"center","image_width":{"unit":"px","size":100,"sizes":[]},"image_width_tablet_extra":{"unit":"px","size":100,"sizes":[]},"image_width_tablet":{"unit":"px","size":80,"sizes":[]},"_margin":{"unit":"px","top":"0","right":"0","bottom":"0","left":"0","isLinked":false},"_padding":{"unit":"px","top":"0","right":"0","bottom":"40","left":"0","isLinked":false},"_padding_tablet_extra":{"unit":"px","top":"0","right":"0","bottom":"20","left":"0","isLinked":false},"css_filters_brightness":{"unit":"px","size":191,"sizes":[]},"image_width_mobile":{"unit":"px","size":80,"sizes":[]},"_padding_mobile":{"unit":"px","top":"0","right":"0","bottom":"10","left":"0","isLinked":false},"post_id":214},"elements":[],"isInner":false,"widgetType":"feature_image","elType":"widget"},{"id":"7d2221ee","settings":{"image_width":{"unit":"px","size":100,"sizes":[]},"alignment":"center","css_filters_blur":{"unit":"px","size":9.9,"sizes":[]},"css_filters_brightness":{"unit":"px","size":0,"sizes":[]},"_background_background":"classic","__globals__":{"_background_color":"","title_color":"globals\/colors?id=accent"},"title_color":"#CA9A67","title_font_size":{"unit":"px","size":37,"sizes":[]},"content_typography_typography":"custom","content_typography_font_family":"Marcellus","content_typography_font_size":{"unit":"px","size":48,"sizes":[]},"content_typography_font_weight":"400","content_typography_line_height":{"unit":"custom","size":"normal","sizes":[]},"content_typography_line_height_laptop":{"unit":"custom","size":"","sizes":[]},"content_typography_line_height_tablet_extra":{"unit":"custom","size":"","sizes":[]},"content_typography_line_height_tablet":{"unit":"custom","size":"","sizes":[]},"content_typography_line_height_mobile_extra":{"unit":"custom","size":"","sizes":[]},"content_typography_line_height_mobile":{"unit":"custom","size":"","sizes":[]},"content_typography_font_size_tablet_extra":{"unit":"px","size":42,"sizes":[]},"content_typography_font_size_tablet":{"unit":"px","size":36,"sizes":[]},"content_typography_font_size_mobile_extra":{"unit":"px","size":32,"sizes":[]},"content_typography_font_size_mobile":{"unit":"px","size":32,"sizes":[]},"post_id":214},"elements":[],"isInner":false,"widgetType":"feature_image","elType":"widget"},{"id":"69a02bd2","settings":{"image":{"id":"231","url":"http:\/\/localhost\/wakil\/wp-content\/uploads\/2024\/05\/border_icon-3.png"},"width":{"unit":"%","size":100,"sizes":[]},"space":{"unit":"px","size":36,"sizes":[]},"space_tablet":{"unit":"px","size":"","sizes":[]},"space_mobile":{"unit":"px","size":"","sizes":[]},"height":{"unit":"px","size":30,"sizes":[]},"object-fit":"contain","_margin":{"unit":"px","top":"0","right":"0","bottom":"0","left":"0","isLinked":false},"_padding":{"unit":"px","top":"0","right":"120","bottom":"0","left":"120","isLinked":false},"_css_classes":"before_after_border left_side_image_conatin","_animation":"slideInUp","align":"center","_flex_align_self":"center","_flex_size":"shrink","_margin_laptop":{"unit":"px","top":"0","right":"0","bottom":"0","left":"0","isLinked":false},"_flex_align_self_mobile_extra":"center","pafe_tooltip":"","pafe_tooltip_content_type":"content","pafe_tooltip_content_wysiwyg":"","pafe_tooltip_content_saved_template":"","pafe_tooltip_content_image":{"url":"http:\/\/localhost\/wakil\/wp-content\/plugins\/elementor\/assets\/images\/placeholder.png","id":"","size":""},"pafe_tooltip_duration":"300","pafe_tooltip_distance":"5","pafe_tooltip_animation_type":"scale","pafe_tooltip_placement":"top","pafe_tooltip_content_color":"#fff","pafe_tooltip_custom_width":"","pafe_tooltip_content_width":{"unit":"%","size":100,"sizes":[]},"pafe_tooltip_content_width_laptop":{"unit":"px","size":"","sizes":[]},"pafe_tooltip_content_width_tablet":{"unit":"px","size":"","sizes":[]},"pafe_tooltip_content_width_mobile_extra":{"unit":"px","size":"","sizes":[]},"pafe_tooltip_content_width_mobile":{"unit":"px","size":"","sizes":[]},"pafe_tooltip_background_color":"#000","pafe_tooltip_label_typography_typography":"","pafe_tooltip_label_typography_font_family":"","pafe_tooltip_label_typography_font_size":{"unit":"px","size":"","sizes":[]},"pafe_tooltip_label_typography_font_size_laptop":{"unit":"px","size":"","sizes":[]},"pafe_tooltip_label_typography_font_size_tablet":{"unit":"px","size":"","sizes":[]},"pafe_tooltip_label_typography_font_size_mobile_extra":{"unit":"px","size":"","sizes":[]},"pafe_tooltip_label_typography_font_size_mobile":{"unit":"px","size":"","sizes":[]},"pafe_tooltip_label_typography_font_weight":"","pafe_tooltip_label_typography_text_transform":"","pafe_tooltip_label_typography_font_style":"","pafe_tooltip_label_typography_text_decoration":"","pafe_tooltip_label_typography_line_height":{"unit":"px","size":"","sizes":[]},"pafe_tooltip_label_typography_line_height_laptop":{"unit":"px","size":"","sizes":[]},"pafe_tooltip_label_typography_line_height_tablet":{"unit":"em","size":"","sizes":[]},"pafe_tooltip_label_typography_line_height_mobile_extra":{"unit":"px","size":"","sizes":[]},"pafe_tooltip_label_typography_line_height_mobile":{"unit":"em","size":"","sizes":[]},"pafe_tooltip_label_typography_letter_spacing":{"unit":"px","size":"","sizes":[]},"pafe_tooltip_label_typography_letter_spacing_laptop":{"unit":"px","size":"","sizes":[]},"pafe_tooltip_label_typography_letter_spacing_tablet":{"unit":"px","size":"","sizes":[]},"pafe_tooltip_label_typography_letter_spacing_mobile_extra":{"unit":"px","size":"","sizes":[]},"pafe_tooltip_label_typography_letter_spacing_mobile":{"unit":"px","size":"","sizes":[]},"pafe_tooltip_label_typography_word_spacing":{"unit":"px","size":"","sizes":[]},"pafe_tooltip_label_typography_word_spacing_laptop":{"unit":"px","size":"","sizes":[]},"pafe_tooltip_label_typography_word_spacing_tablet":{"unit":"em","size":"","sizes":[]},"pafe_tooltip_label_typography_word_spacing_mobile_extra":{"unit":"px","size":"","sizes":[]},"pafe_tooltip_label_typography_word_spacing_mobile":{"unit":"em","size":"","sizes":[]},"pafe_form_style":"","pafe_form_style_width":{"unit":"%","size":100,"sizes":[]},"pafe_form_style_width_laptop":{"unit":"px","size":"","sizes":[]},"pafe_form_style_width_tablet":{"unit":"px","size":"","sizes":[]},"pafe_form_style_width_mobile_extra":{"unit":"px","size":"","sizes":[]},"pafe_form_style_width_mobile":{"unit":"px","size":"","sizes":[]},"pafe_form_style_align":"","pafe_form_style_align_laptop":"","pafe_form_style_align_tablet":"","pafe_form_style_align_mobile_extra":"","pafe_form_style_align_mobile":"","pafe_form_style_row_gap":{"unit":"px","size":20,"sizes":[]},"pafe_form_style_row_gap_laptop":{"unit":"px","size":"","sizes":[]},"pafe_form_style_row_gap_tablet":{"unit":"px","size":"","sizes":[]},"pafe_form_style_row_gap_mobile_extra":{"unit":"px","size":"","sizes":[]},"pafe_form_style_row_gap_mobile":{"unit":"px","size":"","sizes":[]},"pafe_form_style_padding":{"unit":"px","top":"","right":"","bottom":"","left":"","isLinked":true},"pafe_form_style_padding_laptop":{"unit":"px","top":"","right":"","bottom":"","left":"","isLinked":true},"pafe_form_style_padding_tablet":{"unit":"px","top":"","right":"","bottom":"","left":"","isLinked":true},"pafe_form_style_padding_mobile_extra":{"unit":"px","top":"","right":"","bottom":"","left":"","isLinked":true},"pafe_form_style_padding_mobile":{"unit":"px","top":"","right":"","bottom":"","left":"","isLinked":true},"pafe_form_style_input_border_border":"","pafe_form_style_input_border_width":{"unit":"px","top":"","right":"","bottom":"","left":"","isLinked":true},"pafe_form_style_input_border_width_laptop":{"unit":"px","top":"","right":"","bottom":"","left":"","isLinked":true},"pafe_form_style_input_border_width_tablet":{"unit":"px","top":"","right":"","bottom":"","left":"","isLinked":true},"pafe_form_style_input_border_width_mobile_extra":{"unit":"px","top":"","right":"","bottom":"","left":"","isLinked":true},"pafe_form_style_input_border_width_mobile":{"unit":"px","top":"","right":"","bottom":"","left":"","isLinked":true},"pafe_form_style_input_border_color":"","pafe_form_style_input_border_radius":{"unit":"px","top":"","right":"","bottom":"","left":"","isLinked":true},"pafe_form_style_input_border_radius_laptop":{"unit":"px","top":"","right":"","bottom":"","left":"","isLinked":true},"pafe_form_style_input_border_radius_tablet":{"unit":"px","top":"","right":"","bottom":"","left":"","isLinked":true},"pafe_form_style_input_border_radius_mobile_extra":{"unit":"px","top":"","right":"","bottom":"","left":"","isLinked":true},"pafe_form_style_input_border_radius_mobile":{"unit":"px","top":"","right":"","bottom":"","left":"","isLinked":true},"pafe_form_style_area_padding":{"unit":"px","top":"","right":"","bottom":"","left":"","isLinked":true},"pafe_form_style_area_padding_laptop":{"unit":"px","top":"","right":"","bottom":"","left":"","isLinked":true},"pafe_form_style_area_padding_tablet":{"unit":"px","top":"","right":"","bottom":"","left":"","isLinked":true},"pafe_form_style_area_padding_mobile_extra":{"unit":"px","top":"","right":"","bottom":"","left":"","isLinked":true},"pafe_form_style_area_padding_mobile":{"unit":"px","top":"","right":"","bottom":"","left":"","isLinked":true},"pafe_form_style_background_color":"#f1f1f1","pafe_form_style_label_typography":"","pafe_form_style_label_font_family":"","pafe_form_style_label_font_size":{"unit":"px","size":"","sizes":[]},"pafe_form_style_label_font_size_laptop":{"unit":"px","size":"","sizes":[]},"pafe_form_style_label_font_size_tablet":{"unit":"px","size":"","sizes":[]},"pafe_form_style_label_font_size_mobile_extra":{"unit":"px","size":"","sizes":[]},"pafe_form_style_label_font_size_mobile":{"unit":"px","size":"","sizes":[]},"pafe_form_style_label_font_weight":"","pafe_form_style_label_text_transform":"","pafe_form_style_label_font_style":"","pafe_form_style_label_text_decoration":"","pafe_form_style_label_line_height":{"unit":"px","size":"","sizes":[]},"pafe_form_style_label_line_height_laptop":{"unit":"px","size":"","sizes":[]},"pafe_form_style_label_line_height_tablet":{"unit":"em","size":"","sizes":[]},"pafe_form_style_label_line_height_mobile_extra":{"unit":"px","size":"","sizes":[]},"pafe_form_style_label_line_height_mobile":{"unit":"em","size":"","sizes":[]},"pafe_form_style_label_letter_spacing":{"unit":"px","size":"","sizes":[]},"pafe_form_style_label_letter_spacing_laptop":{"unit":"px","size":"","sizes":[]},"pafe_form_style_label_letter_spacing_tablet":{"unit":"px","size":"","sizes":[]},"pafe_form_style_label_letter_spacing_mobile_extra":{"unit":"px","size":"","sizes":[]},"pafe_form_style_label_letter_spacing_mobile":{"unit":"px","size":"","sizes":[]},"pafe_form_style_label_word_spacing":{"unit":"px","size":"","sizes":[]},"pafe_form_style_label_word_spacing_laptop":{"unit":"px","size":"","sizes":[]},"pafe_form_style_label_word_spacing_tablet":{"unit":"em","size":"","sizes":[]},"pafe_form_style_label_word_spacing_mobile_extra":{"unit":"px","size":"","sizes":[]},"pafe_form_style_label_word_spacing_mobile":{"unit":"em","size":"","sizes":[]},"pafe_form_style_label_color":"#000","pafe_form_style_label_spacing":{"unit":"px","size":0,"sizes":[]},"pafe_form_style_label_spacing_laptop":{"unit":"px","size":"","sizes":[]},"pafe_form_style_label_spacing_tablet":{"unit":"px","size":"","sizes":[]},"pafe_form_style_label_spacing_mobile_extra":{"unit":"px","size":"","sizes":[]},"pafe_form_style_label_spacing_mobile":{"unit":"px","size":"","sizes":[]},"pafe_form_style_placeholder_typography":"","pafe_form_style_placeholder_font_family":"","pafe_form_style_placeholder_font_size":{"unit":"px","size":"","sizes":[]},"pafe_form_style_placeholder_font_size_laptop":{"unit":"px","size":"","sizes":[]},"pafe_form_style_placeholder_font_size_tablet":{"unit":"px","size":"","sizes":[]},"pafe_form_style_placeholder_font_size_mobile_extra":{"unit":"px","size":"","sizes":[]},"pafe_form_style_placeholder_font_size_mobile":{"unit":"px","size":"","sizes":[]},"pafe_form_style_placeholder_font_weight":"","pafe_form_style_placeholder_text_transform":"","pafe_form_style_placeholder_font_style":"","pafe_form_style_placeholder_text_decoration":"","pafe_form_style_placeholder_line_height":{"unit":"px","size":"","sizes":[]},"pafe_form_style_placeholder_line_height_laptop":{"unit":"px","size":"","sizes":[]},"pafe_form_style_placeholder_line_height_tablet":{"unit":"em","size":"","sizes":[]},"pafe_form_style_placeholder_line_height_mobile_extra":{"unit":"px","size":"","sizes":[]},"pafe_form_style_placeholder_line_height_mobile":{"unit":"em","size":"","sizes":[]},"pafe_form_style_placeholder_letter_spacing":{"unit":"px","size":"","sizes":[]},"pafe_form_style_placeholder_letter_spacing_laptop":{"unit":"px","size":"","sizes":[]},"pafe_form_style_placeholder_letter_spacing_tablet":{"unit":"px","size":"","sizes":[]},"pafe_form_style_placeholder_letter_spacing_mobile_extra":{"unit":"px","size":"","sizes":[]},"pafe_form_style_placeholder_letter_spacing_mobile":{"unit":"px","size":"","sizes":[]},"pafe_form_style_placeholder_word_spacing":{"unit":"px","size":"","sizes":[]},"pafe_form_style_placeholder_word_spacing_laptop":{"unit":"px","size":"","sizes":[]},"pafe_form_style_placeholder_word_spacing_tablet":{"unit":"em","size":"","sizes":[]},"pafe_form_style_placeholder_word_spacing_mobile_extra":{"unit":"px","size":"","sizes":[]},"pafe_form_style_placeholder_word_spacing_mobile":{"unit":"em","size":"","sizes":[]},"pafe_form_style_placeholder_color":"#7D7676","pafe_form_style_button_typography":"","pafe_form_style_button_font_family":"","pafe_form_style_button_font_size":{"unit":"px","size":"","sizes":[]},"pafe_form_style_button_font_size_laptop":{"unit":"px","size":"","sizes":[]},"pafe_form_style_button_font_size_tablet":{"unit":"px","size":"","sizes":[]},"pafe_form_style_button_font_size_mobile_extra":{"unit":"px","size":"","sizes":[]},"pafe_form_style_button_font_size_mobile":{"unit":"px","size":"","sizes":[]},"pafe_form_style_button_font_weight":"","pafe_form_style_button_text_transform":"","pafe_form_style_button_font_style":"","pafe_form_style_button_text_decoration":"","pafe_form_style_button_line_height":{"unit":"px","size":"","sizes":[]},"pafe_form_style_button_line_height_laptop":{"unit":"px","size":"","sizes":[]},"pafe_form_style_button_line_height_tablet":{"unit":"em","size":"","sizes":[]},"pafe_form_style_button_line_height_mobile_extra":{"unit":"px","size":"","sizes":[]},"pafe_form_style_button_line_height_mobile":{"unit":"em","size":"","sizes":[]},"pafe_form_style_button_letter_spacing":{"unit":"px","size":"","sizes":[]},"pafe_form_style_button_letter_spacing_laptop":{"unit":"px","size":"","sizes":[]},"pafe_form_style_button_letter_spacing_tablet":{"unit":"px","size":"","sizes":[]},"pafe_form_style_button_letter_spacing_mobile_extra":{"unit":"px","size":"","sizes":[]},"pafe_form_style_button_letter_spacing_mobile":{"unit":"px","size":"","sizes":[]},"pafe_form_style_button_word_spacing":{"unit":"px","size":"","sizes":[]},"pafe_form_style_button_word_spacing_laptop":{"unit":"px","size":"","sizes":[]},"pafe_form_style_button_word_spacing_tablet":{"unit":"em","size":"","sizes":[]},"pafe_form_style_button_word_spacing_mobile_extra":{"unit":"px","size":"","sizes":[]},"pafe_form_style_button_word_spacing_mobile":{"unit":"em","size":"","sizes":[]},"pafe_form_style_button_width":{"unit":"%","size":100,"sizes":[]},"pafe_form_style_button_width_laptop":{"unit":"px","size":"","sizes":[]},"pafe_form_style_button_width_tablet":{"unit":"px","size":"","sizes":[]},"pafe_form_style_button_width_mobile_extra":{"unit":"px","size":"","sizes":[]},"pafe_form_style_button_width_mobile":{"unit":"px","size":"","sizes":[]},"pafe_form_style_margin":{"unit":"px","top":"","right":"","bottom":"","left":"","isLinked":true},"pafe_form_style_margin_laptop":{"unit":"px","top":"","right":"","bottom":"","left":"","isLinked":true},"pafe_form_style_margin_tablet":{"unit":"px","top":"","right":"","bottom":"","left":"","isLinked":true},"pafe_form_style_margin_mobile_extra":{"unit":"px","top":"","right":"","bottom":"","left":"","isLinked":true},"pafe_form_style_margin_mobile":{"unit":"px","top":"","right":"","bottom":"","left":"","isLinked":true},"pafe_form_style_button_color_normal":"#fff","pafe_form_style_background_color_normal":"#6EC1E4","pafe_form_style_button_color_hover":"#fff","pafe_form_style_background_color_hover":"#04A5E9","pafe_form_style_button_padding":{"unit":"px","top":"","right":"","bottom":"","left":"","isLinked":true},"pafe_form_style_button_padding_laptop":{"unit":"px","top":"","right":"","bottom":"","left":"","isLinked":true},"pafe_form_style_button_padding_tablet":{"unit":"px","top":"","right":"","bottom":"","left":"","isLinked":true},"pafe_form_style_button_padding_mobile_extra":{"unit":"px","top":"","right":"","bottom":"","left":"","isLinked":true},"pafe_form_style_button_padding_mobile":{"unit":"px","top":"","right":"","bottom":"","left":"","isLinked":true},"pafe_form_style_button_border_border":"","pafe_form_style_button_border_width":{"unit":"px","top":"","right":"","bottom":"","left":"","isLinked":true},"pafe_form_style_button_border_width_laptop":{"unit":"px","top":"","right":"","bottom":"","left":"","isLinked":true},"pafe_form_style_button_border_width_tablet":{"unit":"px","top":"","right":"","bottom":"","left":"","isLinked":true},"pafe_form_style_button_border_width_mobile_extra":{"unit":"px","top":"","right":"","bottom":"","left":"","isLinked":true},"pafe_form_style_button_border_width_mobile":{"unit":"px","top":"","right":"","bottom":"","left":"","isLinked":true},"pafe_form_style_button_border_color":"","pafe_form_style_button_border_radius":{"unit":"px","top":"","right":"","bottom":"","left":"","isLinked":true},"pafe_form_style_button_border_radius_laptop":{"unit":"px","top":"","right":"","bottom":"","left":"","isLinked":true},"pafe_form_style_button_border_radius_tablet":{"unit":"px","top":"","right":"","bottom":"","left":"","isLinked":true},"pafe_form_style_button_border_radius_mobile_extra":{"unit":"px","top":"","right":"","bottom":"","left":"","isLinked":true},"pafe_form_style_button_border_radius_mobile":{"unit":"px","top":"","right":"","bottom":"","left":"","isLinked":true}},"elements":[],"isInner":false,"widgetType":"image","elType":"widget"},{"id":"71ce7b44","settings":{"editor":"<p>Elit a nibh pretium massa sit nisl. Purus mauris eu risus volutpat iaculis. Eu arcu congue pharetra vel cras. Purus neque senectus tincidunt id congue eget non pellentesque. Tincidunt lectus interdum consectetur ornare massa odio. Scelerisque mollis venenatis aliquam proin sed tempus ut dui molestie. Consectetur commodo magna pretium nunc purus eget. Sed mi fames quis nisi ut. Eu vulputate sagittis risus faucibus auctor mi aliquam. Turpis posuere tortor blandit commodo amet. Eros nulla mi ullamcorper sapien sed vestibulum etiam fermentum. Nibh eget sit convallis purus aenean.<\/p>","align":"center","typography_typography":"custom","typography_font_family":"Mulish","typography_font_size":{"unit":"px","size":18,"sizes":[]},"typography_font_size_mobile":{"unit":"px","size":16,"sizes":[]},"typography_font_weight":"500","typography_text_transform":"none","typography_font_style":"normal","typography_text_decoration":"none","typography_line_height":{"unit":"px","size":32,"sizes":[]},"typography_line_height_tablet":{"unit":"px","size":"","sizes":[]},"typography_line_height_mobile":{"unit":"px","size":24,"sizes":[]},"typography_letter_spacing":{"unit":"px","size":0,"sizes":[]},"typography_word_spacing":{"unit":"px","size":0,"sizes":[]},"_margin":{"unit":"px","top":"0","right":"0","bottom":"0","left":"0","isLinked":false},"_padding":{"unit":"px","top":"40","right":"0","bottom":"0","left":"0","isLinked":false},"_padding_tablet":{"unit":"px","top":"20","right":"0","bottom":"0","left":"0","isLinked":false},"__globals__":{"text_color":"globals\/colors?id=977c281"}},"elements":[],"isInner":false,"widgetType":"text-editor","elType":"widget"},{"id":"2a218844","settings":{"editor":"<p>Commodo semper bibendum adipiscing orci bibendum eu lectus sed. Commodo cursus vitae augue luctus nibh. Congue sit quisque volutpat libero tempor a id cursus purus. Pellentesque pellentesque scelerisque curabitur porta dolor. Amet vulputate vitae eget sit rhoncus imperdiet. Odio justo nullam scelerisque quis bibendum. Cras ipsum vel diam praesent tortor at elit sit. A risus molestie bibendum donec blandit adipiscing volutpat sollicitudin aliquam. Nec arcu cras ultrices velit sed ligula. Iaculis elit vulputate sollicitudin quisque ut faucibus.<\/p>","align":"center","typography_typography":"custom","typography_font_family":"Mulish","typography_font_size":{"unit":"px","size":18,"sizes":[]},"typography_font_size_mobile":{"unit":"px","size":16,"sizes":[]},"typography_font_weight":"500","typography_text_transform":"none","typography_font_style":"normal","typography_text_decoration":"none","typography_line_height":{"unit":"px","size":32,"sizes":[]},"typography_line_height_tablet":{"unit":"px","size":"","sizes":[]},"typography_line_height_mobile":{"unit":"px","size":24,"sizes":[]},"typography_letter_spacing":{"unit":"px","size":0,"sizes":[]},"typography_word_spacing":{"unit":"px","size":0,"sizes":[]},"_margin":{"unit":"px","top":"0","right":"0","bottom":"0","left":"0","isLinked":false},"_padding":{"unit":"px","top":"10","right":"0","bottom":"0","left":"0","isLinked":false},"__globals__":{"text_color":"globals\/colors?id=977c281"}},"elements":[],"isInner":false,"widgetType":"text-editor","elType":"widget"},{"id":"4bdfcb32","settings":{"title":"We provide top-quality legal advice and outstanding, bespoke service to our clients to produce excellent outcomes and assist their businesses in succeeding.","align":"center","typography_typography":"custom","typography_font_family":"Marcellus","typography_font_size":{"unit":"px","size":36,"sizes":[]},"typography_font_size_tablet":{"unit":"px","size":30,"sizes":[]},"typography_font_size_mobile":{"unit":"px","size":28,"sizes":[]},"typography_font_weight":"400","typography_text_transform":"none","typography_font_style":"normal","typography_text_decoration":"none","typography_line_height":{"unit":"custom","size":"normal","sizes":[]},"typography_letter_spacing":{"unit":"px","size":0,"sizes":[]},"typography_word_spacing":{"unit":"px","size":0,"sizes":[]},"_margin":{"unit":"px","top":"0","right":"0","bottom":"0","left":"0","isLinked":false},"_padding":{"unit":"px","top":"40","right":"0","bottom":"40","left":"0","isLinked":false},"_padding_tablet":{"unit":"px","top":"20","right":"0","bottom":"20","left":"0","isLinked":false},"__globals__":{"title_color":"globals\/colors?id=accent"}},"elements":[],"isInner":false,"widgetType":"heading","elType":"widget"},{"id":"77fdbc68","settings":{"editor":"<p>Tortor quam congue habitasse egestas facilisi quis feugiat. Leo semper quisque ipsum felis feugiat dolor erat. Pellentesque sit a pellentesque sed amet ac ipsum ac. Leo eget at ultricies varius. Leo facilisis nec malesuada posuere nulla aliquet sed purus dolor. Sit parturient varius egestas et ut orci viverra venenatis. Arcu enim ut malesuada orci sit mattis a lectus. Cursus penatibus fusce et vel nullam. Auctor non laoreet nibh tellus consequat risus nibh volutpat. Neque volutpat amet varius at eget lectus.<\/p>","align":"center","typography_typography":"custom","typography_font_family":"Mulish","typography_font_size":{"unit":"px","size":18,"sizes":[]},"typography_font_size_mobile":{"unit":"px","size":16,"sizes":[]},"typography_font_weight":"500","typography_text_transform":"none","typography_font_style":"normal","typography_text_decoration":"none","typography_line_height":{"unit":"px","size":32,"sizes":[]},"typography_line_height_tablet":{"unit":"px","size":"","sizes":[]},"typography_line_height_mobile":{"unit":"px","size":24,"sizes":[]},"typography_letter_spacing":{"unit":"px","size":0,"sizes":[]},"typography_word_spacing":{"unit":"px","size":0,"sizes":[]},"_margin":{"unit":"px","top":"0","right":"0","bottom":"0","left":"0","isLinked":false},"_padding":{"unit":"px","top":"0","right":"0","bottom":"0","left":"0","isLinked":false},"__globals__":{"text_color":"globals\/colors?id=977c281"}},"elements":[],"isInner":false,"widgetType":"text-editor","elType":"widget"},{"id":"2f0672c5","settings":{"content_width":"full","width_tablet_extra":{"unit":"%","size":100,"sizes":[]},"width_tablet":{"unit":"%","size":"","sizes":[]},"width_mobile_extra":{"unit":"%","size":100,"sizes":[]},"width_mobile":{"unit":"%","size":"","sizes":[]},"flex_direction":"row","flex_direction_mobile_extra":"column","flex_justify_content":"space-between","flex_align_items":"center","flex_align_items_mobile_extra":"center","flex_gap_tablet_extra":{"column":"20","row":"20","isLinked":true,"unit":"px","size":20},"margin":{"unit":"px","top":"0","right":"0","bottom":"0","left":"0","isLinked":false},"margin_tablet_extra":{"unit":"px","top":"0","right":"0","bottom":"0","left":"0","isLinked":false},"padding":{"unit":"px","top":"40","right":"0","bottom":"40","left":"0","isLinked":false},"padding_tablet_extra":{"unit":"px","top":"20","right":"0","bottom":"20","left":"0","isLinked":false}},"elements":[{"id":"30918266","settings":{"image":{"id":912,"url":"http:\/\/localhost\/wakil\/wp-content\/uploads\/2024\/05\/first_service_3-1.png"},"width":{"unit":"%","size":100,"sizes":[]},"width_tablet_extra":{"unit":"%","size":100,"sizes":[]},"width_mobile_extra":{"unit":"%","size":100,"sizes":[]},"space":{"unit":"px","size":370,"sizes":[]},"space_tablet_extra":{"unit":"%","size":100,"sizes":[]},"space_tablet":{"unit":"px","size":"","sizes":[]},"space_mobile_extra":{"unit":"%","size":100,"sizes":[]},"space_mobile":{"unit":"px","size":"","sizes":[]},"height":{"unit":"custom","size":"auto","sizes":[]},"height_laptop":{"unit":"custom","size":"","sizes":[]},"height_tablet_extra":{"unit":"custom","size":"","sizes":[]},"height_tablet":{"unit":"custom","size":"","sizes":[]},"height_mobile_extra":{"unit":"custom","size":"","sizes":[]},"height_mobile":{"unit":"custom","size":"","sizes":[]},"_margin":{"unit":"px","top":"0","right":"0","bottom":"0","left":"0","isLinked":false},"_padding":{"unit":"px","top":"0","right":"0","bottom":"0","left":"0","isLinked":false},"_flex_align_self":"center"},"elements":[],"isInner":false,"widgetType":"image","elType":"widget"},{"id":"618e61b9","settings":{"image":{"id":913,"url":"http:\/\/localhost\/wakil\/wp-content\/uploads\/2024\/05\/first_service_2-1.png"},"width":{"unit":"%","size":100,"sizes":[]},"width_tablet_extra":{"unit":"%","size":100,"sizes":[]},"width_mobile_extra":{"unit":"%","size":"","sizes":[]},"space":{"unit":"px","size":370,"sizes":[]},"space_tablet_extra":{"unit":"%","size":100,"sizes":[]},"space_tablet":{"unit":"px","size":"","sizes":[]},"space_mobile":{"unit":"px","size":"","sizes":[]},"height":{"unit":"custom","size":"auto","sizes":[]},"height_laptop":{"unit":"custom","size":"","sizes":[]},"height_tablet_extra":{"unit":"custom","size":"","sizes":[]},"height_tablet":{"unit":"custom","size":"","sizes":[]},"height_mobile_extra":{"unit":"custom","size":"","sizes":[]},"height_mobile":{"unit":"custom","size":"","sizes":[]},"_margin":{"unit":"px","top":"0","right":"0","bottom":"0","left":"0","isLinked":false},"_padding":{"unit":"px","top":"0","right":"0","bottom":"0","left":"0","isLinked":false},"_flex_align_self":"center"},"elements":[],"isInner":false,"widgetType":"image","elType":"widget"},{"id":"5dc7b1a","settings":{"image":{"id":914,"url":"http:\/\/localhost\/wakil\/wp-content\/uploads\/2024\/05\/first_service_1-1.png"},"width":{"unit":"%","size":100,"sizes":[]},"width_tablet_extra":{"unit":"%","size":100,"sizes":[]},"width_mobile_extra":{"unit":"%","size":"","sizes":[]},"space":{"unit":"px","size":370,"sizes":[]},"space_tablet_extra":{"unit":"%","size":100,"sizes":[]},"space_tablet":{"unit":"px","size":"","sizes":[]},"space_mobile":{"unit":"px","size":"","sizes":[]},"height":{"unit":"custom","size":"auto","sizes":[]},"height_laptop":{"unit":"custom","size":"","sizes":[]},"height_tablet_extra":{"unit":"custom","size":"","sizes":[]},"height_tablet":{"unit":"custom","size":"","sizes":[]},"height_mobile_extra":{"unit":"custom","size":"","sizes":[]},"height_mobile":{"unit":"custom","size":"","sizes":[]},"_margin":{"unit":"px","top":"0","right":"0","bottom":"0","left":"0","isLinked":false},"_padding":{"unit":"px","top":"0","right":"0","bottom":"0","left":"0","isLinked":false},"_flex_align_self":"center"},"elements":[],"isInner":false,"widgetType":"image","elType":"widget"}],"isInner":true,"elType":"container"},{"id":"847071e","settings":{"editor":"<p>Quis condimentum sollicitudin sed nunc orci purus ultrices justo sem. Nisi porttitor libero sed et. Pulvinar malesuada sollicitudin enim tempus aenean facilisis lorem. Senectus at proin eu velit amet dignissim adipiscing dolor. Duis sagittis et cras elementum eleifend sed dui vestibulum. Dolor accumsan enim mauris eu et diam facilisis euismod iaculis.<\/p>","align":"center","typography_typography":"custom","typography_font_family":"Mulish","typography_font_size":{"unit":"px","size":18,"sizes":[]},"typography_font_size_mobile":{"unit":"px","size":16,"sizes":[]},"typography_font_weight":"500","typography_text_transform":"none","typography_font_style":"normal","typography_text_decoration":"none","typography_line_height":{"unit":"px","size":32,"sizes":[]},"typography_line_height_tablet":{"unit":"px","size":"","sizes":[]},"typography_line_height_mobile":{"unit":"px","size":24,"sizes":[]},"typography_letter_spacing":{"unit":"px","size":0,"sizes":[]},"typography_word_spacing":{"unit":"px","size":0,"sizes":[]},"_margin":{"unit":"px","top":"0","right":"0","bottom":"0","left":"0","isLinked":false},"_padding":{"unit":"px","top":"0","right":"0","bottom":"0","left":"0","isLinked":false},"__globals__":{"text_color":"globals\/colors?id=977c281"}},"elements":[],"isInner":false,"widgetType":"text-editor","elType":"widget"},{"id":"4c6d4e03","settings":{"content_width":"full","flex_direction":"row","flex_justify_content":"space-between","flex_gap":{"column":"15","row":"15","isLinked":true,"unit":"px","size":15},"flex_gap_mobile_extra":{"column":"15","row":"15","isLinked":true,"unit":"px","size":15},"margin":{"unit":"px","top":"0","right":"0","bottom":"0","left":"0","isLinked":false},"padding":{"unit":"px","top":"40","right":"0","bottom":"40","left":"0","isLinked":false},"padding_tablet_extra":{"unit":"px","top":"20","right":"0","bottom":"20","left":"0","isLinked":false}},"elements":[{"id":"705cb582","settings":{"icon_list":[{"text":"Tempus netus et id nibh habitant sit","selected_icon":{"value":"fas fa-plus","library":"fa-solid"},"_id":"e9a353d"},{"text":"Sed mauris tincidunt eu suspendisse","selected_icon":{"value":"fas fa-plus","library":"fa-solid"},"_id":"ac0cecc"},{"text":"Est auctor lorem at lectus amet ipsum","selected_icon":{"value":"fas fa-plus","library":"fa-solid"},"_id":"eda81a5"},{"text":"Nulla tempor elit in consectetur","selected_icon":{"value":"fas fa-plus","library":"fa-solid"},"_id":"f733a18"}],"space_between":{"unit":"px","size":15,"sizes":[]},"icon_align":"left","icon_size":{"unit":"px","size":15,"sizes":[]},"text_indent":{"unit":"px","size":0,"sizes":[]},"icon_self_align":"left","icon_self_vertical_align":"center","icon_self_vertical_align_tablet":"center","icon_typography_typography":"custom","icon_typography_font_family":"Mulish","icon_typography_font_size":{"unit":"px","size":18,"sizes":[]},"icon_typography_font_size_tablet":{"unit":"px","size":15,"sizes":[]},"icon_typography_font_weight":"500","icon_typography_text_transform":"none","icon_typography_font_style":"normal","icon_typography_text_decoration":"none","icon_typography_line_height":{"unit":"px","size":24,"sizes":[]},"icon_typography_line_height_tablet":{"unit":"px","size":"","sizes":[]},"icon_typography_line_height_mobile":{"unit":"px","size":"","sizes":[]},"icon_typography_letter_spacing":{"unit":"px","size":0,"sizes":[]},"icon_typography_word_spacing":{"unit":"px","size":0,"sizes":[]},"_margin":{"unit":"px","top":"0","right":"0","bottom":"0","left":"0","isLinked":false},"_padding":{"unit":"px","top":"0","right":"0","bottom":"0","left":"0","isLinked":false},"_element_width":"initial","_element_width_mobile_extra":"inherit","_element_custom_width":{"unit":"%","size":50,"sizes":[]},"__globals__":{"text_color":"globals\/colors?id=accent"}},"elements":[],"isInner":false,"widgetType":"icon-list","elType":"widget"},{"id":"7e6edd64","settings":{"icon_list":[{"text":"Consequat nisl iaculis leo pharetra","selected_icon":{"value":"fas fa-plus","library":"fa-solid"},"_id":"e9a353d"},{"text":"Quisque dui id vulputate pulvinar","selected_icon":{"value":"fas fa-plus","library":"fa-solid"},"_id":"38d30b0"},{"text":"Ac est suspendisse egestas tristique","selected_icon":{"value":"fas fa-plus","library":"fa-solid"},"_id":"1a428c6"},{"text":"Nibh eget ornare sagittis tellus ut","selected_icon":{"value":"fas fa-plus","library":"fa-solid"},"_id":"cbdb777"}],"space_between":{"unit":"px","size":15,"sizes":[]},"icon_align":"left","icon_size":{"unit":"px","size":15,"sizes":[]},"text_indent":{"unit":"px","size":0,"sizes":[]},"icon_self_align":"left","icon_self_vertical_align":"center","icon_typography_typography":"custom","icon_typography_font_family":"Mulish","icon_typography_font_size":{"unit":"px","size":18,"sizes":[]},"icon_typography_font_size_tablet":{"unit":"px","size":15,"sizes":[]},"icon_typography_font_weight":"500","icon_typography_text_transform":"none","icon_typography_font_style":"normal","icon_typography_text_decoration":"none","icon_typography_line_height":{"unit":"px","size":24,"sizes":[]},"icon_typography_line_height_tablet":{"unit":"px","size":"","sizes":[]},"icon_typography_line_height_mobile":{"unit":"px","size":"","sizes":[]},"icon_typography_letter_spacing":{"unit":"px","size":0,"sizes":[]},"icon_typography_word_spacing":{"unit":"px","size":0,"sizes":[]},"_margin":{"unit":"px","top":"0","right":"0","bottom":"0","left":"0","isLinked":false},"_padding":{"unit":"px","top":"0","right":"0","bottom":"0","left":"0","isLinked":false},"_element_width":"initial","_element_width_mobile_extra":"inherit","_element_custom_width":{"unit":"%","size":52,"sizes":[]},"__globals__":{"text_color":"globals\/colors?id=accent"}},"elements":[],"isInner":false,"widgetType":"icon-list","elType":"widget"}],"isInner":true,"elType":"container"},{"id":"7e4e25d6","settings":{"editor":"<p>Facilisis nec malesuada enim viverra cras. Auctor dignissim tellus vestibulum vitae hac amet. Suspendisse sit feugiat in pulvinar bibendum arcu nunc id. Duis hac nisl dui facilisi placerat at mauris elit scelerisque. Turpis ornare auctor amet vestibulum in magna aliquet ultricies netus. Adipiscing lobortis a interdum morbi etiam non. Elit sed magna risus tempor non quis. Nec pulvinar scelerisque in faucibus.<\/p>","align":"center","typography_typography":"custom","typography_font_family":"Mulish","typography_font_size":{"unit":"px","size":18,"sizes":[]},"typography_font_size_mobile":{"unit":"px","size":16,"sizes":[]},"typography_font_weight":"500","typography_text_transform":"none","typography_font_style":"normal","typography_text_decoration":"none","typography_line_height":{"unit":"px","size":32,"sizes":[]},"typography_line_height_tablet":{"unit":"px","size":"","sizes":[]},"typography_line_height_mobile":{"unit":"px","size":24,"sizes":[]},"typography_letter_spacing":{"unit":"px","size":0,"sizes":[]},"typography_word_spacing":{"unit":"px","size":0,"sizes":[]},"_margin":{"unit":"px","top":"0","right":"0","bottom":"0","left":"0","isLinked":false},"_padding":{"unit":"px","top":"0","right":"0","bottom":"0","left":"0","isLinked":false},"__globals__":{"text_color":"globals\/colors?id=977c281"}},"elements":[],"isInner":false,"widgetType":"text-editor","elType":"widget"},{"id":"7f50245c","settings":{"editor":"<p>Dis morbi cursus aliquam rutrum tortor amet. Mauris consequat libero praesent pellentesque nibh sed eget urna. Leo at feugiat vel dictum eget quam et commodo nullam. Nec arcu egestas adipiscing mollis dapibus justo non.<\/p>","align":"center","typography_typography":"custom","typography_font_family":"Mulish","typography_font_size":{"unit":"px","size":18,"sizes":[]},"typography_font_size_mobile":{"unit":"px","size":16,"sizes":[]},"typography_font_weight":"500","typography_text_transform":"none","typography_font_style":"normal","typography_text_decoration":"none","typography_line_height":{"unit":"px","size":32,"sizes":[]},"typography_line_height_tablet":{"unit":"px","size":"","sizes":[]},"typography_line_height_mobile":{"unit":"px","size":24,"sizes":[]},"typography_letter_spacing":{"unit":"px","size":0,"sizes":[]},"typography_word_spacing":{"unit":"px","size":0,"sizes":[]},"_margin":{"unit":"px","top":"0","right":"0","bottom":"0","left":"0","isLinked":false},"_padding":{"unit":"px","top":"10","right":"0","bottom":"0","left":"0","isLinked":false},"__globals__":{"text_color":"globals\/colors?id=977c281"}},"elements":[],"isInner":false,"widgetType":"text-editor","elType":"widget"}],"isInner":true,"elType":"container"}],"isInner":false,"elType":"container"}],"settings":{"template":"default"},"metadata":{"page_footer_style":"","wpse_uploaded_image":"200","wpse_uploaded_feature_image":"3133","author_image_id":""}}