{"content":[{"id":"153fcfce","settings":{"content_width":"full","background_background":"classic","margin":{"unit":"px","top":"0","right":"0","bottom":"0","left":"0","isLinked":false},"padding":{"unit":"px","top":"0","right":"0","bottom":"0","left":"0","isLinked":false},"__globals__":{"background_color":"globals\/colors?id=text"}},"elements":[{"id":"2eec98e1","settings":{"_margin":{"unit":"px","top":"0","right":"0","bottom":"0","left":"0","isLinked":false},"_padding":{"unit":"px","top":"0","right":"0","bottom":"40","left":"0","isLinked":false},"_padding_tablet":{"unit":"px","top":"0","right":"0","bottom":"20","left":"0","isLinked":false}},"elements":[],"isInner":false,"widgetType":"simple-post-format-widget","elType":"widget"},{"id":"43b79531","settings":{"editor":"<p>Proin fermentum enim orci enim orci quis elementum. Lacus porta mi duis vitae neque suspendisse. Dignissim eget leo fermentum odio amet nulla dui neque. Integer at cras purus massa orci viverra. Et viverra mauris auctor commodo adipiscing amet elementum suscipit. Tincidunt sit eget augue eu tortor libero aliquam velit. At diam vel purus ac tortor adipiscing quis consequat vel. Consequat quis tortor mauris vulputate purus.<\/p>","align":"left","typography_typography":"custom","typography_font_family":"Mulish","typography_font_size":{"unit":"px","size":18,"sizes":[]},"typography_font_size_mobile":{"unit":"px","size":16,"sizes":[]},"typography_font_weight":"500","typography_text_transform":"none","typography_font_style":"normal","typography_text_decoration":"none","typography_line_height":{"unit":"px","size":32,"sizes":[]},"typography_line_height_tablet":{"unit":"px","size":"","sizes":[]},"typography_line_height_mobile":{"unit":"px","size":24,"sizes":[]},"typography_letter_spacing":{"unit":"px","size":0,"sizes":[]},"typography_word_spacing":{"unit":"px","size":0,"sizes":[]},"_margin":{"unit":"px","top":"0","right":"0","bottom":"0","left":"0","isLinked":false},"_padding":{"unit":"px","top":"0","right":"0","bottom":"10","left":"0","isLinked":false},"__globals__":{"text_color":"globals\/colors?id=977c281"}},"elements":[],"isInner":false,"widgetType":"text-editor","elType":"widget"},{"id":"2ed649a4","settings":{"editor":"<p>Ipsum duis eu morbi dictum. Turpis iaculis gravida ultricies mollis rhoncus cursus adipiscing pellentesque praesent. Eget condimentum eget diam lorem mi fusce.<\/p>","align":"left","typography_typography":"custom","typography_font_family":"Mulish","typography_font_size":{"unit":"px","size":18,"sizes":[]},"typography_font_size_mobile":{"unit":"px","size":16,"sizes":[]},"typography_font_weight":"500","typography_text_transform":"none","typography_font_style":"normal","typography_text_decoration":"none","typography_line_height":{"unit":"px","size":32,"sizes":[]},"typography_line_height_tablet":{"unit":"px","size":"","sizes":[]},"typography_line_height_mobile":{"unit":"px","size":24,"sizes":[]},"typography_letter_spacing":{"unit":"px","size":0,"sizes":[]},"typography_word_spacing":{"unit":"px","size":0,"sizes":[]},"_margin":{"unit":"px","top":"0","right":"0","bottom":"0","left":"0","isLinked":false},"_padding":{"unit":"px","top":"0","right":"0","bottom":"0","left":"0","isLinked":false},"__globals__":{"text_color":"globals\/colors?id=977c281"}},"elements":[],"isInner":false,"widgetType":"text-editor","elType":"widget"},{"id":"5dee5af7","settings":{"content_width":"full","flex_direction":"row","flex_justify_content":"space-between","flex_gap":{"column":"20","row":"15","isLinked":false,"unit":"px","size":20},"background_background":"classic","background_color":"#F1F5F9","margin":{"unit":"px","top":"40","right":"0","bottom":"40","left":"0","isLinked":false},"padding":{"unit":"px","top":"40","right":"40","bottom":"40","left":"40","isLinked":true},"margin_tablet":{"unit":"px","top":"20","right":"0","bottom":"20","left":"0","isLinked":false},"padding_tablet":{"unit":"px","top":"20","right":"20","bottom":"20","left":"20","isLinked":true},"padding_mobile":{"unit":"px","top":"15","right":"15","bottom":"15","left":"15","isLinked":true}},"elements":[{"id":"454a9f8d","settings":{"image":{"url":"http:\/\/localhost\/wakil\/wp-content\/uploads\/2024\/06\/quote_2.png","id":1987,"size":"","alt":"","source":"library"},"width":{"unit":"px","size":60,"sizes":[]},"width_tablet":{"unit":"px","size":"","sizes":[]},"width_mobile":{"unit":"px","size":"","sizes":[]},"space":{"unit":"%","size":100,"sizes":[]},"space_laptop":{"unit":"%","size":"","sizes":[]},"space_tablet_extra":{"unit":"%","size":"","sizes":[]},"space_tablet":{"unit":"px","size":"","sizes":[]},"space_mobile":{"unit":"px","size":"","sizes":[]},"_margin":{"unit":"px","top":"0","right":"0","bottom":"0","left":"0","isLinked":false},"_padding":{"unit":"px","top":"0","right":"0","bottom":"0","left":"0","isLinked":false}},"elements":[],"isInner":false,"widgetType":"image","elType":"widget"},{"id":"3fa3e8d8","settings":{"content_width":"full","margin":{"unit":"px","top":"0","right":"0","bottom":"0","left":"0","isLinked":false},"padding":{"unit":"px","top":"0","right":"0","bottom":"0","left":"0","isLinked":false}},"elements":[{"id":"2dfe2c2e","settings":{"title":"In porttitor venenatis dui aliquam. Viverra velit eu sit tempus aliquam duis. Sed scelerisque laoreet sit vitae.","header_size":"h3","typography_typography":"custom","typography_font_family":"Marcellus","typography_font_size":{"unit":"px","size":32,"sizes":[]},"typography_font_weight":"400","typography_text_transform":"none","typography_font_style":"normal","typography_text_decoration":"none","typography_line_height":{"unit":"custom","size":"normal","sizes":[]},"typography_letter_spacing":{"unit":"px","size":0,"sizes":[]},"typography_word_spacing":{"unit":"px","size":0,"sizes":[]},"__globals__":{"title_color":"globals\/colors?id=accent"},"typography_font_size_mobile":{"unit":"px","size":30,"sizes":[]}},"elements":[],"isInner":false,"widgetType":"heading","elType":"widget"},{"id":"75c8f199","settings":{"editor":"<p>- BILLI REUSS<\/p>","typography_typography":"custom","typography_font_family":"Mulish","typography_font_size":{"unit":"px","size":18,"sizes":[]},"typography_font_weight":"600","typography_text_transform":"none","typography_font_style":"normal","typography_text_decoration":"none","typography_line_height":{"unit":"px","size":24,"sizes":[]},"typography_line_height_tablet":{"unit":"px","size":"","sizes":[]},"typography_line_height_mobile":{"unit":"px","size":"","sizes":[]},"typography_letter_spacing":{"unit":"px","size":0,"sizes":[]},"typography_word_spacing":{"unit":"px","size":0,"sizes":[]},"_margin":{"unit":"px","top":"0","right":"0","bottom":"0","left":"0","isLinked":false},"_padding":{"unit":"px","top":"20","right":"0","bottom":"0","left":"0","isLinked":false},"__globals__":{"text_color":"globals\/colors?id=accent"}},"elements":[],"isInner":false,"widgetType":"text-editor","elType":"widget"}],"isInner":true,"elType":"container"}],"isInner":true,"elType":"container"},{"id":"6518c18d","settings":{"editor":"<p>Ullamcorper sapien enim eget viverra morbi. Lacus nulla amet quam tortor mauris. Fermentum mi in gravida praesent facilisi. Tortor tempor diam mauris sed nulla feugiat volutpat nisl nec. Ut placerat vestibulum sagittis nisi amet pulvinar sollicitudin euismod. Cursus tempus arcu feugiat consequat dignissim sed nunc vel. Congue nulla volutpat turpis nibh donec. Parturient id dui diam id. Parturient elementum eu eget facilisi proin mattis dignissim imperdiet.<\/p>","align":"left","typography_typography":"custom","typography_font_family":"Mulish","typography_font_size":{"unit":"px","size":18,"sizes":[]},"typography_font_size_mobile":{"unit":"px","size":16,"sizes":[]},"typography_font_weight":"500","typography_text_transform":"none","typography_font_style":"normal","typography_text_decoration":"none","typography_line_height":{"unit":"px","size":32,"sizes":[]},"typography_line_height_tablet":{"unit":"px","size":"","sizes":[]},"typography_line_height_mobile":{"unit":"px","size":24,"sizes":[]},"typography_letter_spacing":{"unit":"px","size":0,"sizes":[]},"typography_word_spacing":{"unit":"px","size":0,"sizes":[]},"_margin":{"unit":"px","top":"0","right":"0","bottom":"0","left":"0","isLinked":false},"_padding":{"unit":"px","top":"0","right":"0","bottom":"0","left":"0","isLinked":false},"__globals__":{"text_color":"globals\/colors?id=977c281"}},"elements":[],"isInner":false,"widgetType":"text-editor","elType":"widget"},{"id":"204383b5","settings":{"editor":"<p>Vitae odio fames fames sapien risus odio leo amet odio. Duis eros nulla amet nec risus lobortis interdum arcu vestibulum. Massa pretium elementum duis quisque lorem feugiat commodo malesuada. Vulputate ut purus consectetur quis sed sollicitudin. Adipiscing pulvinar elit tristique arcu praesent viverra suspendisse.<\/p>","align":"left","typography_typography":"custom","typography_font_family":"Mulish","typography_font_size":{"unit":"px","size":18,"sizes":[]},"typography_font_size_mobile":{"unit":"px","size":16,"sizes":[]},"typography_font_weight":"500","typography_text_transform":"none","typography_font_style":"normal","typography_text_decoration":"none","typography_line_height":{"unit":"px","size":32,"sizes":[]},"typography_line_height_tablet":{"unit":"px","size":"","sizes":[]},"typography_line_height_mobile":{"unit":"px","size":24,"sizes":[]},"typography_letter_spacing":{"unit":"px","size":0,"sizes":[]},"typography_word_spacing":{"unit":"px","size":0,"sizes":[]},"_margin":{"unit":"px","top":"0","right":"0","bottom":"0","left":"0","isLinked":false},"_padding":{"unit":"px","top":"10","right":"0","bottom":"10","left":"0","isLinked":false},"__globals__":{"text_color":"globals\/colors?id=977c281"}},"elements":[],"isInner":false,"widgetType":"text-editor","elType":"widget"},{"id":"53fb53c3","settings":{"editor":"<p>A elementum facilisis elementum est varius augue vitae aliquam velit. Urna amet egestas nisl sit. Sagittis sed gravida vestibulum aliquet urna. Consectetur tortor fringilla orci elementum blandit donec amet. Sed semper nam malesuada.<\/p>","align":"left","typography_typography":"custom","typography_font_family":"Mulish","typography_font_size":{"unit":"px","size":18,"sizes":[]},"typography_font_size_mobile":{"unit":"px","size":16,"sizes":[]},"typography_font_weight":"500","typography_text_transform":"none","typography_font_style":"normal","typography_text_decoration":"none","typography_line_height":{"unit":"px","size":32,"sizes":[]},"typography_line_height_tablet":{"unit":"px","size":"","sizes":[]},"typography_line_height_mobile":{"unit":"px","size":24,"sizes":[]},"typography_letter_spacing":{"unit":"px","size":0,"sizes":[]},"typography_word_spacing":{"unit":"px","size":0,"sizes":[]},"_margin":{"unit":"px","top":"0","right":"0","bottom":"0","left":"0","isLinked":false},"_padding":{"unit":"px","top":"0","right":"0","bottom":"0","left":"0","isLinked":false},"__globals__":{"text_color":"globals\/colors?id=977c281"}},"elements":[],"isInner":false,"widgetType":"text-editor","elType":"widget"},{"id":"16840a3","settings":{"content_width":"full","flex_direction":"row","flex_direction_mobile_extra":"column","flex_justify_content":"space-between","flex_align_items":"center","flex_align_items_mobile_extra":"center","flex_gap":{"column":"30","row":"15","isLinked":false,"unit":"px","size":30},"margin":{"unit":"px","top":"0","right":"0","bottom":"0","left":"0","isLinked":false},"padding":{"unit":"px","top":"40","right":"0","bottom":"40","left":"0","isLinked":false},"padding_tablet":{"unit":"px","top":"20","right":"0","bottom":"20","left":"0","isLinked":false}},"elements":[{"id":"2e00b279","settings":{"image":{"url":"http:\/\/localhost\/wakil\/wp-content\/uploads\/2024\/06\/single_img1.png","id":1991,"size":"","alt":"","source":"library"},"width":{"unit":"%","size":100,"sizes":[]},"width_mobile_extra":{"unit":"%","size":100,"sizes":[]},"space":{"unit":"%","size":100,"sizes":[]},"space_mobile_extra":{"unit":"%","size":100,"sizes":[]}},"elements":[],"isInner":false,"widgetType":"image","elType":"widget"},{"id":"1b4dc21d","settings":{"image":{"url":"http:\/\/localhost\/wakil\/wp-content\/uploads\/2024\/06\/single_img2.png","id":1992,"size":"","alt":"","source":"library"},"width":{"unit":"%","size":100,"sizes":[]},"width_mobile_extra":{"unit":"%","size":100,"sizes":[]},"space":{"unit":"%","size":100,"sizes":[]},"space_mobile_extra":{"unit":"%","size":100,"sizes":[]}},"elements":[],"isInner":false,"widgetType":"image","elType":"widget"}],"isInner":true,"elType":"container"},{"id":"37dd9c9a","settings":{"title":"Conclusion","align_tablet":"center","typography_typography":"custom","typography_font_family":"Marcellus","typography_font_size":{"unit":"px","size":36,"sizes":[]},"typography_font_size_tablet_extra":{"unit":"px","size":32,"sizes":[]},"typography_font_size_mobile_extra":{"unit":"px","size":30,"sizes":[]},"typography_font_weight":"400","typography_text_transform":"none","typography_font_style":"normal","typography_text_decoration":"none","typography_line_height":{"unit":"custom","size":"normal","sizes":[]},"typography_letter_spacing":{"unit":"px","size":0,"sizes":[]},"typography_word_spacing":{"unit":"px","size":0,"sizes":[]},"_margin":{"unit":"px","top":"0","right":"0","bottom":"0","left":"0","isLinked":false},"_padding":{"unit":"px","top":"0","right":"0","bottom":"20","left":"0","isLinked":false},"__globals__":{"title_color":"globals\/colors?id=accent"}},"elements":[],"isInner":false,"widgetType":"heading","elType":"widget"},{"id":"56304dad","settings":{"editor":"<p>Interdum sit amet pulvinar dignissim nam tellus. Amet non amet turpis at sed facilisis nibh nunc tristique. Amet dui velit viverra commodo etiam dolor tristique non massa. In urna in tortor vel lectus vitae sed. Cras et neque urna volutpat porttitor. Facilisi lobortis eget augue feugiat ultrices varius viverra. Tristique vestibulum in tempus tempus tellus.<\/p>","align":"left","typography_typography":"custom","typography_font_family":"Mulish","typography_font_size":{"unit":"px","size":18,"sizes":[]},"typography_font_size_mobile":{"unit":"px","size":16,"sizes":[]},"typography_font_weight":"500","typography_text_transform":"none","typography_font_style":"normal","typography_text_decoration":"none","typography_line_height":{"unit":"px","size":32,"sizes":[]},"typography_line_height_tablet":{"unit":"px","size":"","sizes":[]},"typography_line_height_mobile":{"unit":"px","size":24,"sizes":[]},"typography_letter_spacing":{"unit":"px","size":0,"sizes":[]},"typography_word_spacing":{"unit":"px","size":0,"sizes":[]},"_margin":{"unit":"px","top":"0","right":"0","bottom":"0","left":"0","isLinked":false},"_padding":{"unit":"px","top":"0","right":"0","bottom":"0","left":"0","isLinked":false},"__globals__":{"text_color":"globals\/colors?id=977c281"}},"elements":[],"isInner":false,"widgetType":"text-editor","elType":"widget"}],"isInner":false,"elType":"container"}],"settings":{"template":"default"},"metadata":{"author_image_id":"","custom_text_id":"","quote_title":"","quote_author_name":"","quote_text":"","link_title":"","link_text":"","soundcloud_audio_url":"https:\/\/soundcloud.com\/twentyonepilots\/heathens?utm_source=clipboard&utm_medium=text&utm_campaign=social_sharing","soundcloud_audio_iframe":"<iframe width=\"100%\" height=\"220\" scrolling=\"no\" frameborder=\"no\" allow=\"autoplay\" src=\"https:\/\/w.soundcloud.com\/player\/?url=https%3A\/\/api.soundcloud.com\/tracks\/269483280&color=%23ff5500&auto_play=true&hide_related=false&show_comments=false&show_user=true&show_reposts=false&show_teaser=true&visual=true\"><\/iframe>","standard_text":"","video_text":"","audio_text":"Laoreet tristique mattis diam ac. Nam orci neque a vitae integer. Integer aenean leo a vel viverra pharetra nulla pharetra. Porta ipsum orci malesuada vel aliquet sit at dictum nisi. Vitae diam ut tempus sit Nam in mauris...","wpb_post_views_count":"10"}}