{"content":[],"settings":{"template":"default","colors_enable_styleguide_preview":"yes","system_colors":[{"_id":"primary","title":"Primary","color":"#CA9A67"},{"_id":"secondary","title":"Secondary","color":"#94B0D5"},{"_id":"text","title":"Text","color":"#FFFFFF"},{"_id":"accent","title":"Accent","color":"#0A1D35"}],"custom_colors":[{"_id":"977c281","title":"New Item #1","color":"#45566C"}],"typography_enable_styleguide_preview":"yes","system_typography":[{"_id":"primary","title":"Primary","typography_typography":"custom","typography_font_family":"Marcellus","typography_font_weight":"400","typography_font_size":{"unit":"px","size":64,"sizes":[]},"typography_text_transform":"none","typography_font_style":"normal","typography_text_decoration":"none","typography_line_height":{"unit":"custom","size":"normal","sizes":[]},"typography_letter_spacing":{"unit":"px","size":0,"sizes":[]},"typography_word_spacing":{"unit":"px","size":0,"sizes":[]}},{"_id":"secondary","title":"Secondary","typography_typography":"custom","typography_font_family":"Marcellus","typography_font_weight":"400","typography_font_size":{"unit":"px","size":48,"sizes":[]},"typography_text_transform":"none","typography_font_style":"normal","typography_text_decoration":"none","typography_line_height":{"unit":"custom","size":"normal","sizes":[]},"typography_letter_spacing":{"unit":"px","size":0,"sizes":[]},"typography_word_spacing":{"unit":"px","size":0,"sizes":[]}},{"_id":"text","title":"Text","typography_typography":"custom","typography_font_family":"Marcellus","typography_font_weight":"400","typography_font_size":{"unit":"px","size":32,"sizes":[]},"typography_text_transform":"none","typography_font_style":"normal","typography_text_decoration":"none","typography_line_height":{"unit":"custom","size":"normal","sizes":[]},"typography_letter_spacing":{"unit":"px","size":0,"sizes":[]},"typography_word_spacing":{"unit":"px","size":0,"sizes":[]}},{"_id":"accent","title":"Accent","typography_typography":"custom","typography_font_family":"Marcellus","typography_font_weight":"500","typography_font_size":{"unit":"px","size":24,"sizes":[]},"typography_text_transform":"none","typography_font_style":"normal","typography_text_decoration":"none","typography_line_height":{"unit":"px","size":30,"sizes":[]},"typography_letter_spacing":{"unit":"px","size":0,"sizes":[]},"typography_word_spacing":{"unit":"px","size":0,"sizes":[]}}],"custom_typography":[{"_id":"acc3a7e","title":"New Item #1","typography_typography":"custom","typography_font_family":"Mulish","typography_font_size":{"unit":"px","size":18,"sizes":[]},"typography_font_weight":"400","typography_text_transform":"none","typography_font_style":"normal","typography_text_decoration":"none","typography_line_height":{"unit":"px","size":18,"sizes":[]},"typography_letter_spacing":{"unit":"px","size":0,"sizes":[]},"typography_word_spacing":{"unit":"px","size":0,"sizes":[]}}],"default_generic_fonts":"Sans-serif","space_between_widgets":{"column":"0","row":"0","isLinked":true,"unit":"px","size":0},"page_title_selector":"h1.entry-title","active_breakpoints":["viewport_mobile","viewport_mobile_extra","viewport_tablet","viewport_tablet_extra","viewport_laptop"],"viewport_mobile":450,"viewport_mobile_extra":767,"viewport_tablet":991,"viewport_tablet_extra":1199,"viewport_laptop":1600,"activeItemIndex":1,"viewport_md":451,"viewport_lg":992},"metadata":[]}