{"content":[{"id":"2901818d","settings":{"content_width":"full","width":{"unit":"%","size":100,"sizes":[]},"width_laptop":{"unit":"%","size":"","sizes":[]},"width_tablet_extra":{"unit":"%","size":"","sizes":[]},"width_tablet":{"unit":"%","size":"","sizes":[]},"width_mobile_extra":{"unit":"%","size":"","sizes":[]},"width_mobile":{"unit":"%","size":"","sizes":[]},"background_background":"classic","padding":{"unit":"px","top":"0","right":"0","bottom":"0","left":"0","isLinked":false},"_flex_align_self":"center","__globals__":{"background_color":"globals\/colors?id=text"}},"elements":[{"id":"54940c06","settings":{"content_width":"full","flex_direction":"row","flex_direction_tablet":"column","flex_justify_content":"center","flex_align_items":"stretch","flex_gap":{"column":"30","row":"20","isLinked":false,"unit":"px","size":30},"flex_gap_tablet_extra":{"column":"30","row":"020","isLinked":false,"unit":"px","size":30},"margin":{"unit":"px","top":"0","right":"0","bottom":"0","left":"0","isLinked":false},"padding":{"unit":"px","top":"0","right":"0","bottom":"40","left":"0","isLinked":false},"padding_tablet":{"unit":"px","top":"0","right":"0","bottom":"30","left":"0","isLinked":false},"flex_wrap":"wrap","grid_columns_grid":{"unit":"fr","size":1,"sizes":[]},"grid_justify_items":"center","presetTitle":"Container","presetIcon":"eicon-container","flex_gap_tablet":{"column":"30","row":"0","isLinked":false,"unit":"px","size":30},"flex_gap_mobile_extra":{"column":"30","row":"0","isLinked":false,"unit":"px","size":30}},"elements":[{"id":"a27f1b1","settings":{"content_width":"full","width":{"unit":"px","size":770,"sizes":[]},"width_tablet_extra":{"unit":"px","size":840,"sizes":[]},"width_tablet":{"unit":"%","size":100,"sizes":[]},"width_mobile_extra":{"unit":"%","size":"","sizes":[]},"width_mobile":{"unit":"%","size":"","sizes":[]},"flex_direction":"row","flex_justify_content":"space-between","flex_gap":{"column":"30","row":"30","isLinked":false,"unit":"px","size":30},"margin":{"unit":"px","top":"0","right":"0","bottom":"0","left":"0","isLinked":false},"padding":{"unit":"px","top":"0","right":"0","bottom":"0","left":"0","isLinked":false}},"elements":[{"id":"50f704a","settings":{"image":{"url":"http:\/\/localhost\/wakil\/wp-content\/uploads\/2024\/05\/os-2-1.jpg","id":910,"size":"","alt":"","source":"library"},"width":{"unit":"%","size":100,"sizes":[]},"space":{"unit":"px","size":770,"sizes":[]},"space_tablet":{"unit":"%","size":100,"sizes":[]},"space_mobile_extra":{"unit":"%","size":"","sizes":[]},"space_mobile":{"unit":"px","size":"","sizes":[]},"height":{"unit":"custom","size":"auto","sizes":[]},"height_laptop":{"unit":"custom","size":"","sizes":[]},"height_tablet_extra":{"unit":"custom","size":"","sizes":[]},"height_tablet":{"unit":"custom","size":"","sizes":[]},"height_mobile_extra":{"unit":"custom","size":"","sizes":[]},"height_mobile":{"unit":"custom","size":"","sizes":[]}},"elements":[],"isInner":false,"widgetType":"image","elType":"widget"}],"isInner":true,"elType":"container"},{"id":"30351d9","settings":{"content_width":"full","width":{"unit":"px","size":370,"sizes":[]},"width_tablet_extra":{"unit":"px","size":370,"sizes":[]},"width_tablet":{"unit":"%","size":100,"sizes":[]},"width_mobile_extra":{"unit":"%","size":"","sizes":[]},"width_mobile":{"unit":"%","size":"","sizes":[]},"flex_direction":"row","flex_justify_content":"space-between","flex_gap":{"column":"30","row":"30","isLinked":false,"unit":"px","size":30},"margin":{"unit":"px","top":"0","right":"0","bottom":"0","left":"0","isLinked":false},"padding":{"unit":"px","top":"0","right":"0","bottom":"0","left":"0","isLinked":false},"padding_mobile_extra":{"unit":"px","top":"0","right":"0","bottom":"0","left":"0","isLinked":false},"css_classes":"author_list_detail"},"elements":[{"id":"76e38c6d","settings":{"content_width":"full","flex_direction":"row","flex_justify_content":"center","flex_justify_content_tablet":"center","flex_align_items":"center","flex_gap":{"column":"0","row":"25","isLinked":false,"unit":"px","size":0},"flex_gap_tablet":{"column":"30","row":"30","isLinked":false,"unit":"px","size":30},"flex_gap_mobile":{"column":"20","row":"20","isLinked":true,"unit":"px","size":20},"flex_wrap":"wrap","flex_wrap_tablet":"wrap","background_background":"classic","background_overlay_background":"classic","background_overlay_image":{"url":"http:\/\/localhost\/wakil\/wp-content\/uploads\/2024\/05\/counter_bg_2.png","id":1376,"size":"","alt":"","source":"library"},"background_overlay_position":"center center","background_overlay_attachment":"scroll","background_overlay_repeat":"no-repeat","background_overlay_size":"cover","background_overlay_opacity":{"unit":"px","size":1,"sizes":[]},"margin":{"unit":"px","top":"0","right":"0","bottom":"0","left":"0","isLinked":true},"margin_tablet":{"unit":"px","top":"20","right":"0","bottom":"0","left":"0","isLinked":false},"margin_mobile_extra":{"unit":"px","top":"15","right":"0","bottom":"0","left":"0","isLinked":false},"padding":{"unit":"px","top":"25","right":"25","bottom":"25","left":"25","isLinked":true},"padding_tablet_extra":{"unit":"px","top":"20","right":"20","bottom":"20","left":"20","isLinked":true},"__globals__":{"background_color":"globals\/colors?id=accent"}},"elements":[{"id":"7b396680","settings":{"content_width":"full","width":{"unit":"%","size":46,"sizes":[]},"width_tablet":{"unit":"%","size":25,"sizes":[]},"width_mobile_extra":{"unit":"%","size":"","sizes":[]},"width_mobile":{"unit":"%","size":45,"sizes":[]},"margin":{"unit":"px","top":"0","right":"0","bottom":"0","left":"0","isLinked":false},"padding":{"unit":"px","top":"0","right":"0","bottom":"0","left":"0","isLinked":false},"css_classes":"author_list_box"},"elements":[{"id":"45f214f2","settings":{"image":{"url":"http:\/\/localhost\/wakil\/wp-content\/uploads\/2024\/05\/user.png","id":1558,"size":"","alt":"","source":"library"},"width":{"unit":"%","size":100,"sizes":[]},"space":{"unit":"px","size":60,"sizes":[]},"space_tablet":{"unit":"px","size":"","sizes":[]},"space_mobile":{"unit":"px","size":"","sizes":[]},"height":{"unit":"custom","size":"auto","sizes":[]},"height_laptop":{"unit":"custom","size":"","sizes":[]},"height_tablet_extra":{"unit":"custom","size":"","sizes":[]},"height_tablet":{"unit":"custom","size":"","sizes":[]},"height_mobile_extra":{"unit":"custom","size":"","sizes":[]},"height_mobile":{"unit":"custom","size":"","sizes":[]},"_margin":{"unit":"px","top":"0","right":"0","bottom":"0","left":"0","isLinked":false},"_padding":{"unit":"px","top":"0","right":"0","bottom":"0","left":"0","isLinked":false}},"elements":[],"isInner":false,"widgetType":"image","elType":"widget"},{"id":"144087a2","settings":{"title":"Jason Merrit","header_size":"h3","align":"center","typography_typography":"custom","typography_font_family":"Mulish","typography_font_size":{"unit":"px","size":18,"sizes":[]},"typography_font_weight":"600","typography_text_transform":"none","typography_font_style":"normal","typography_text_decoration":"none","typography_line_height":{"unit":"px","size":24,"sizes":[]},"typography_line_height_tablet":{"unit":"px","size":"","sizes":[]},"typography_line_height_mobile":{"unit":"px","size":"","sizes":[]},"typography_letter_spacing":{"unit":"px","size":0,"sizes":[]},"typography_word_spacing":{"unit":"px","size":0,"sizes":[]},"_margin":{"unit":"px","top":"0","right":"0","bottom":"0","left":"0","isLinked":false},"_padding":{"unit":"px","top":"10","right":"0","bottom":"0","left":"0","isLinked":false}},"elements":[],"isInner":false,"widgetType":"heading","elType":"widget"}],"isInner":true,"elType":"container"},{"id":"1e44e724","settings":{"content_width":"full","width":{"unit":"%","size":48,"sizes":[]},"width_tablet":{"unit":"%","size":25,"sizes":[]},"width_mobile_extra":{"unit":"%","size":"","sizes":[]},"width_mobile":{"unit":"%","size":45,"sizes":[]},"margin":{"unit":"px","top":"0","right":"0","bottom":"0","left":"0","isLinked":false},"padding":{"unit":"px","top":"0","right":"0","bottom":"0","left":"0","isLinked":false},"css_classes":"author_list_box"},"elements":[{"id":"1c632536","settings":{"image":{"url":"http:\/\/localhost\/wakil\/wp-content\/uploads\/2024\/05\/calender.png","id":1553,"size":"","alt":"","source":"library"},"width":{"unit":"%","size":100,"sizes":[]},"space":{"unit":"px","size":60,"sizes":[]},"space_tablet":{"unit":"px","size":"","sizes":[]},"space_mobile":{"unit":"px","size":"","sizes":[]},"height":{"unit":"custom","size":"auto","sizes":[]},"height_laptop":{"unit":"custom","size":"","sizes":[]},"height_tablet_extra":{"unit":"custom","size":"","sizes":[]},"height_tablet":{"unit":"custom","size":"","sizes":[]},"height_mobile_extra":{"unit":"custom","size":"","sizes":[]},"height_mobile":{"unit":"custom","size":"","sizes":[]},"_margin":{"unit":"px","top":"0","right":"0","bottom":"0","left":"0","isLinked":false},"_padding":{"unit":"px","top":"0","right":"0","bottom":"0","left":"0","isLinked":false}},"elements":[],"isInner":false,"widgetType":"image","elType":"widget"},{"id":"2ff0bdce","settings":{"title":"21 DEC, 2022","header_size":"h3","align":"center","typography_typography":"custom","typography_font_family":"Mulish","typography_font_size":{"unit":"px","size":18,"sizes":[]},"typography_font_weight":"600","typography_text_transform":"none","typography_font_style":"normal","typography_text_decoration":"none","typography_line_height":{"unit":"px","size":24,"sizes":[]},"typography_line_height_tablet":{"unit":"px","size":"","sizes":[]},"typography_line_height_mobile":{"unit":"px","size":"","sizes":[]},"typography_letter_spacing":{"unit":"px","size":0,"sizes":[]},"typography_word_spacing":{"unit":"px","size":0,"sizes":[]},"_margin":{"unit":"px","top":"0","right":"0","bottom":"0","left":"0","isLinked":false},"_padding":{"unit":"px","top":"10","right":"0","bottom":"0","left":"0","isLinked":false}},"elements":[],"isInner":false,"widgetType":"heading","elType":"widget"}],"isInner":true,"elType":"container"},{"id":"293e1511","settings":{"content_width":"full","width":{"unit":"%","size":48,"sizes":[]},"width_tablet":{"unit":"%","size":25,"sizes":[]},"width_mobile_extra":{"unit":"%","size":"","sizes":[]},"width_mobile":{"unit":"%","size":45,"sizes":[]},"margin":{"unit":"px","top":"0","right":"0","bottom":"0","left":"0","isLinked":false},"padding":{"unit":"px","top":"0","right":"0","bottom":"0","left":"0","isLinked":false},"css_classes":"author_list_box"},"elements":[{"id":"12851056","settings":{"image":{"url":"http:\/\/localhost\/wakil\/wp-content\/uploads\/2024\/05\/category.png","id":1554,"size":"","alt":"","source":"library"},"width":{"unit":"%","size":100,"sizes":[]},"space":{"unit":"px","size":60,"sizes":[]},"space_tablet":{"unit":"px","size":"","sizes":[]},"space_mobile":{"unit":"px","size":"","sizes":[]},"height":{"unit":"custom","size":"auto","sizes":[]},"height_laptop":{"unit":"custom","size":"","sizes":[]},"height_tablet_extra":{"unit":"custom","size":"","sizes":[]},"height_tablet":{"unit":"custom","size":"","sizes":[]},"height_mobile_extra":{"unit":"custom","size":"","sizes":[]},"height_mobile":{"unit":"custom","size":"","sizes":[]},"_margin":{"unit":"px","top":"0","right":"0","bottom":"0","left":"0","isLinked":false},"_padding":{"unit":"px","top":"0","right":"0","bottom":"0","left":"0","isLinked":false}},"elements":[],"isInner":false,"widgetType":"image","elType":"widget"},{"id":"72e50b7","settings":{"title":"Family","header_size":"h3","align":"center","typography_typography":"custom","typography_font_family":"Mulish","typography_font_size":{"unit":"px","size":18,"sizes":[]},"typography_font_weight":"600","typography_text_transform":"none","typography_font_style":"normal","typography_text_decoration":"none","typography_line_height":{"unit":"px","size":24,"sizes":[]},"typography_line_height_tablet":{"unit":"px","size":"","sizes":[]},"typography_line_height_mobile":{"unit":"px","size":"","sizes":[]},"typography_letter_spacing":{"unit":"px","size":0,"sizes":[]},"typography_word_spacing":{"unit":"px","size":0,"sizes":[]},"_margin":{"unit":"px","top":"0","right":"0","bottom":"0","left":"0","isLinked":false},"_padding":{"unit":"px","top":"10","right":"0","bottom":"0","left":"0","isLinked":false}},"elements":[],"isInner":false,"widgetType":"heading","elType":"widget"}],"isInner":true,"elType":"container"},{"id":"4a03db54","settings":{"content_width":"full","width":{"unit":"%","size":48,"sizes":[]},"width_tablet":{"unit":"%","size":25,"sizes":[]},"width_mobile_extra":{"unit":"%","size":"","sizes":[]},"width_mobile":{"unit":"%","size":45,"sizes":[]},"margin":{"unit":"px","top":"0","right":"0","bottom":"0","left":"0","isLinked":false},"padding":{"unit":"px","top":"0","right":"0","bottom":"0","left":"0","isLinked":false},"css_classes":"author_list_box"},"elements":[{"id":"f35d95f","settings":{"image":{"url":"http:\/\/localhost\/wakil\/wp-content\/uploads\/2024\/05\/time.png","id":1556,"size":"","alt":"","source":"library"},"width":{"unit":"%","size":100,"sizes":[]},"space":{"unit":"px","size":60,"sizes":[]},"space_tablet":{"unit":"px","size":"","sizes":[]},"space_mobile":{"unit":"px","size":"","sizes":[]},"height":{"unit":"custom","size":"auto","sizes":[]},"height_laptop":{"unit":"custom","size":"","sizes":[]},"height_tablet_extra":{"unit":"custom","size":"","sizes":[]},"height_tablet":{"unit":"custom","size":"","sizes":[]},"height_mobile_extra":{"unit":"custom","size":"","sizes":[]},"height_mobile":{"unit":"custom","size":"","sizes":[]},"_margin":{"unit":"px","top":"0","right":"0","bottom":"0","left":"0","isLinked":false},"_padding":{"unit":"px","top":"0","right":"0","bottom":"0","left":"0","isLinked":false}},"elements":[],"isInner":false,"widgetType":"image","elType":"widget"},{"id":"637f2546","settings":{"title":"3 Week","header_size":"h3","align":"center","typography_typography":"custom","typography_font_family":"Mulish","typography_font_size":{"unit":"px","size":18,"sizes":[]},"typography_font_weight":"600","typography_text_transform":"none","typography_font_style":"normal","typography_text_decoration":"none","typography_line_height":{"unit":"px","size":24,"sizes":[]},"typography_line_height_tablet":{"unit":"px","size":"","sizes":[]},"typography_line_height_mobile":{"unit":"px","size":"","sizes":[]},"typography_letter_spacing":{"unit":"px","size":0,"sizes":[]},"typography_word_spacing":{"unit":"px","size":0,"sizes":[]},"_margin":{"unit":"px","top":"0","right":"0","bottom":"0","left":"0","isLinked":false},"_padding":{"unit":"px","top":"10","right":"0","bottom":"0","left":"0","isLinked":false}},"elements":[],"isInner":false,"widgetType":"heading","elType":"widget"}],"isInner":true,"elType":"container"},{"id":"5193261f","settings":{"content_width":"full","width":{"unit":"%","size":48,"sizes":[]},"width_tablet":{"unit":"%","size":25,"sizes":[]},"width_mobile_extra":{"unit":"%","size":"","sizes":[]},"width_mobile":{"unit":"%","size":45,"sizes":[]},"margin":{"unit":"px","top":"0","right":"0","bottom":"0","left":"0","isLinked":false},"padding":{"unit":"px","top":"0","right":"0","bottom":"0","left":"0","isLinked":false},"css_classes":"author_list_box"},"elements":[{"id":"51ee18c9","settings":{"image":{"url":"http:\/\/localhost\/wakil\/wp-content\/uploads\/2024\/05\/trophy.png","id":1557,"size":"","alt":"","source":"library"},"width":{"unit":"%","size":100,"sizes":[]},"space":{"unit":"px","size":60,"sizes":[]},"space_tablet":{"unit":"px","size":"","sizes":[]},"space_mobile":{"unit":"px","size":"","sizes":[]},"height":{"unit":"custom","size":"auto","sizes":[]},"height_laptop":{"unit":"custom","size":"","sizes":[]},"height_tablet_extra":{"unit":"custom","size":"","sizes":[]},"height_tablet":{"unit":"custom","size":"","sizes":[]},"height_mobile_extra":{"unit":"custom","size":"","sizes":[]},"height_mobile":{"unit":"custom","size":"","sizes":[]},"_margin":{"unit":"px","top":"0","right":"0","bottom":"0","left":"0","isLinked":false},"_padding":{"unit":"px","top":"0","right":"0","bottom":"0","left":"0","isLinked":false}},"elements":[],"isInner":false,"widgetType":"image","elType":"widget"},{"id":"582971dd","settings":{"title":"Win","header_size":"h3","align":"center","typography_typography":"custom","typography_font_family":"Mulish","typography_font_size":{"unit":"px","size":18,"sizes":[]},"typography_font_weight":"600","typography_text_transform":"none","typography_font_style":"normal","typography_text_decoration":"none","typography_line_height":{"unit":"px","size":24,"sizes":[]},"typography_line_height_tablet":{"unit":"px","size":"","sizes":[]},"typography_line_height_mobile":{"unit":"px","size":"","sizes":[]},"typography_letter_spacing":{"unit":"px","size":0,"sizes":[]},"typography_word_spacing":{"unit":"px","size":0,"sizes":[]},"_margin":{"unit":"px","top":"0","right":"0","bottom":"0","left":"0","isLinked":false},"_padding":{"unit":"px","top":"10","right":"0","bottom":"0","left":"0","isLinked":false}},"elements":[],"isInner":false,"widgetType":"heading","elType":"widget"}],"isInner":true,"elType":"container"},{"id":"27ec183c","settings":{"content_width":"full","width":{"unit":"%","size":48,"sizes":[]},"width_tablet":{"unit":"%","size":25,"sizes":[]},"width_mobile_extra":{"unit":"%","size":"","sizes":[]},"width_mobile":{"unit":"%","size":45,"sizes":[]},"margin":{"unit":"px","top":"0","right":"0","bottom":"0","left":"0","isLinked":false},"padding":{"unit":"px","top":"0","right":"0","bottom":"0","left":"0","isLinked":false},"css_classes":"author_list_box"},"elements":[{"id":"1ba3292","settings":{"image":{"url":"http:\/\/localhost\/wakil\/wp-content\/uploads\/2024\/05\/location.png","id":1555,"size":"","alt":"","source":"library"},"width":{"unit":"%","size":100,"sizes":[]},"space":{"unit":"px","size":60,"sizes":[]},"space_tablet":{"unit":"px","size":"","sizes":[]},"space_mobile":{"unit":"px","size":"","sizes":[]},"height":{"unit":"custom","size":"auto","sizes":[]},"height_laptop":{"unit":"custom","size":"","sizes":[]},"height_tablet_extra":{"unit":"custom","size":"","sizes":[]},"height_tablet":{"unit":"custom","size":"","sizes":[]},"height_mobile_extra":{"unit":"custom","size":"","sizes":[]},"height_mobile":{"unit":"custom","size":"","sizes":[]},"_margin":{"unit":"px","top":"0","right":"0","bottom":"0","left":"0","isLinked":false},"_padding":{"unit":"px","top":"0","right":"0","bottom":"0","left":"0","isLinked":false}},"elements":[],"isInner":false,"widgetType":"image","elType":"widget"},{"id":"1bb98a5","settings":{"title":"New York","header_size":"h3","align":"center","typography_typography":"custom","typography_font_family":"Mulish","typography_font_size":{"unit":"px","size":18,"sizes":[]},"typography_font_weight":"600","typography_text_transform":"none","typography_font_style":"normal","typography_text_decoration":"none","typography_line_height":{"unit":"px","size":24,"sizes":[]},"typography_line_height_tablet":{"unit":"px","size":"","sizes":[]},"typography_line_height_mobile":{"unit":"px","size":"","sizes":[]},"typography_letter_spacing":{"unit":"px","size":0,"sizes":[]},"typography_word_spacing":{"unit":"px","size":0,"sizes":[]},"_margin":{"unit":"px","top":"0","right":"0","bottom":"0","left":"0","isLinked":false},"_padding":{"unit":"px","top":"10","right":"0","bottom":"0","left":"0","isLinked":false}},"elements":[],"isInner":false,"widgetType":"heading","elType":"widget"}],"isInner":true,"elType":"container"}],"isInner":true,"elType":"container"}],"isInner":true,"elType":"container"}],"isInner":true,"elType":"container"},{"id":"48184b9","settings":{"content_width":"full","margin":{"unit":"px","top":"0","right":"0","bottom":"0","left":"0","isLinked":false},"padding":{"unit":"px","top":"0","right":"0","bottom":"0","left":"0","isLinked":false}},"elements":[{"id":"2ab0818e","settings":{"image_width":{"unit":"px","size":100,"sizes":[]},"alignment":"left","css_filters_blur":{"unit":"px","size":9.9,"sizes":[]},"css_filters_brightness":{"unit":"px","size":0,"sizes":[]},"_background_background":"classic","__globals__":{"_background_color":"","title_color":"globals\/colors?id=accent"},"title_color":"#CA9A67","title_font_size":{"unit":"px","size":37,"sizes":[]},"content_typography_typography":"custom","content_typography_font_family":"Marcellus","content_typography_font_size":{"unit":"px","size":48,"sizes":[]},"content_typography_font_weight":"400","content_typography_line_height":{"unit":"custom","size":"normal","sizes":[]},"content_typography_line_height_laptop":{"unit":"custom","size":"","sizes":[]},"content_typography_line_height_tablet_extra":{"unit":"custom","size":"","sizes":[]},"content_typography_line_height_tablet":{"unit":"custom","size":"","sizes":[]},"content_typography_line_height_mobile_extra":{"unit":"custom","size":"","sizes":[]},"content_typography_line_height_mobile":{"unit":"custom","size":"","sizes":[]},"content_typography_font_size_tablet_extra":{"unit":"px","size":42,"sizes":[]},"content_typography_font_size_tablet":{"unit":"px","size":36,"sizes":[]},"content_typography_font_size_mobile_extra":{"unit":"px","size":32,"sizes":[]},"content_typography_font_size_mobile":{"unit":"px","size":32,"sizes":[]},"post_id":214,"alignment_tablet":"center"},"elements":[],"isInner":false,"widgetType":"feature_image","elType":"widget"},{"id":"807b40f","settings":{"image":{"id":"231","url":"http:\/\/localhost\/wakil\/wp-content\/uploads\/2024\/05\/border_icon-3.png"},"width":{"unit":"%","size":100,"sizes":[]},"space":{"unit":"px","size":36,"sizes":[]},"space_tablet":{"unit":"px","size":"","sizes":[]},"space_mobile":{"unit":"px","size":"","sizes":[]},"height":{"unit":"px","size":30,"sizes":[]},"object-fit":"contain","_margin":{"unit":"px","top":"0","right":"0","bottom":"0","left":"0","isLinked":false},"_padding":{"unit":"px","top":"0","right":"120","bottom":"0","left":"120","isLinked":false},"_css_classes":"before_after_border left_side_image_conatin","_animation":"slideInUp","align":"center","_flex_align_self":"flex-start","_flex_size":"shrink","_margin_laptop":{"unit":"px","top":"0","right":"0","bottom":"0","left":"0","isLinked":false},"_flex_align_self_mobile_extra":"center","pafe_tooltip":"","pafe_tooltip_content_type":"content","pafe_tooltip_content_wysiwyg":"","pafe_tooltip_content_saved_template":"","pafe_tooltip_content_image":{"url":"http:\/\/localhost\/wakil\/wp-content\/plugins\/elementor\/assets\/images\/placeholder.png","id":"","size":""},"pafe_tooltip_duration":"300","pafe_tooltip_distance":"5","pafe_tooltip_animation_type":"scale","pafe_tooltip_placement":"top","pafe_tooltip_content_color":"#fff","pafe_tooltip_custom_width":"","pafe_tooltip_content_width":{"unit":"%","size":100,"sizes":[]},"pafe_tooltip_content_width_laptop":{"unit":"px","size":"","sizes":[]},"pafe_tooltip_content_width_tablet":{"unit":"px","size":"","sizes":[]},"pafe_tooltip_content_width_mobile_extra":{"unit":"px","size":"","sizes":[]},"pafe_tooltip_content_width_mobile":{"unit":"px","size":"","sizes":[]},"pafe_tooltip_background_color":"#000","pafe_tooltip_label_typography_typography":"","pafe_tooltip_label_typography_font_family":"","pafe_tooltip_label_typography_font_size":{"unit":"px","size":"","sizes":[]},"pafe_tooltip_label_typography_font_size_laptop":{"unit":"px","size":"","sizes":[]},"pafe_tooltip_label_typography_font_size_tablet":{"unit":"px","size":"","sizes":[]},"pafe_tooltip_label_typography_font_size_mobile_extra":{"unit":"px","size":"","sizes":[]},"pafe_tooltip_label_typography_font_size_mobile":{"unit":"px","size":"","sizes":[]},"pafe_tooltip_label_typography_font_weight":"","pafe_tooltip_label_typography_text_transform":"","pafe_tooltip_label_typography_font_style":"","pafe_tooltip_label_typography_text_decoration":"","pafe_tooltip_label_typography_line_height":{"unit":"px","size":"","sizes":[]},"pafe_tooltip_label_typography_line_height_laptop":{"unit":"px","size":"","sizes":[]},"pafe_tooltip_label_typography_line_height_tablet":{"unit":"em","size":"","sizes":[]},"pafe_tooltip_label_typography_line_height_mobile_extra":{"unit":"px","size":"","sizes":[]},"pafe_tooltip_label_typography_line_height_mobile":{"unit":"em","size":"","sizes":[]},"pafe_tooltip_label_typography_letter_spacing":{"unit":"px","size":"","sizes":[]},"pafe_tooltip_label_typography_letter_spacing_laptop":{"unit":"px","size":"","sizes":[]},"pafe_tooltip_label_typography_letter_spacing_tablet":{"unit":"px","size":"","sizes":[]},"pafe_tooltip_label_typography_letter_spacing_mobile_extra":{"unit":"px","size":"","sizes":[]},"pafe_tooltip_label_typography_letter_spacing_mobile":{"unit":"px","size":"","sizes":[]},"pafe_tooltip_label_typography_word_spacing":{"unit":"px","size":"","sizes":[]},"pafe_tooltip_label_typography_word_spacing_laptop":{"unit":"px","size":"","sizes":[]},"pafe_tooltip_label_typography_word_spacing_tablet":{"unit":"em","size":"","sizes":[]},"pafe_tooltip_label_typography_word_spacing_mobile_extra":{"unit":"px","size":"","sizes":[]},"pafe_tooltip_label_typography_word_spacing_mobile":{"unit":"em","size":"","sizes":[]},"pafe_form_style":"","pafe_form_style_width":{"unit":"%","size":100,"sizes":[]},"pafe_form_style_width_laptop":{"unit":"px","size":"","sizes":[]},"pafe_form_style_width_tablet":{"unit":"px","size":"","sizes":[]},"pafe_form_style_width_mobile_extra":{"unit":"px","size":"","sizes":[]},"pafe_form_style_width_mobile":{"unit":"px","size":"","sizes":[]},"pafe_form_style_align":"","pafe_form_style_align_laptop":"","pafe_form_style_align_tablet":"","pafe_form_style_align_mobile_extra":"","pafe_form_style_align_mobile":"","pafe_form_style_row_gap":{"unit":"px","size":20,"sizes":[]},"pafe_form_style_row_gap_laptop":{"unit":"px","size":"","sizes":[]},"pafe_form_style_row_gap_tablet":{"unit":"px","size":"","sizes":[]},"pafe_form_style_row_gap_mobile_extra":{"unit":"px","size":"","sizes":[]},"pafe_form_style_row_gap_mobile":{"unit":"px","size":"","sizes":[]},"pafe_form_style_padding":{"unit":"px","top":"","right":"","bottom":"","left":"","isLinked":true},"pafe_form_style_padding_laptop":{"unit":"px","top":"","right":"","bottom":"","left":"","isLinked":true},"pafe_form_style_padding_tablet":{"unit":"px","top":"","right":"","bottom":"","left":"","isLinked":true},"pafe_form_style_padding_mobile_extra":{"unit":"px","top":"","right":"","bottom":"","left":"","isLinked":true},"pafe_form_style_padding_mobile":{"unit":"px","top":"","right":"","bottom":"","left":"","isLinked":true},"pafe_form_style_input_border_border":"","pafe_form_style_input_border_width":{"unit":"px","top":"","right":"","bottom":"","left":"","isLinked":true},"pafe_form_style_input_border_width_laptop":{"unit":"px","top":"","right":"","bottom":"","left":"","isLinked":true},"pafe_form_style_input_border_width_tablet":{"unit":"px","top":"","right":"","bottom":"","left":"","isLinked":true},"pafe_form_style_input_border_width_mobile_extra":{"unit":"px","top":"","right":"","bottom":"","left":"","isLinked":true},"pafe_form_style_input_border_width_mobile":{"unit":"px","top":"","right":"","bottom":"","left":"","isLinked":true},"pafe_form_style_input_border_color":"","pafe_form_style_input_border_radius":{"unit":"px","top":"","right":"","bottom":"","left":"","isLinked":true},"pafe_form_style_input_border_radius_laptop":{"unit":"px","top":"","right":"","bottom":"","left":"","isLinked":true},"pafe_form_style_input_border_radius_tablet":{"unit":"px","top":"","right":"","bottom":"","left":"","isLinked":true},"pafe_form_style_input_border_radius_mobile_extra":{"unit":"px","top":"","right":"","bottom":"","left":"","isLinked":true},"pafe_form_style_input_border_radius_mobile":{"unit":"px","top":"","right":"","bottom":"","left":"","isLinked":true},"pafe_form_style_area_padding":{"unit":"px","top":"","right":"","bottom":"","left":"","isLinked":true},"pafe_form_style_area_padding_laptop":{"unit":"px","top":"","right":"","bottom":"","left":"","isLinked":true},"pafe_form_style_area_padding_tablet":{"unit":"px","top":"","right":"","bottom":"","left":"","isLinked":true},"pafe_form_style_area_padding_mobile_extra":{"unit":"px","top":"","right":"","bottom":"","left":"","isLinked":true},"pafe_form_style_area_padding_mobile":{"unit":"px","top":"","right":"","bottom":"","left":"","isLinked":true},"pafe_form_style_background_color":"#f1f1f1","pafe_form_style_label_typography":"","pafe_form_style_label_font_family":"","pafe_form_style_label_font_size":{"unit":"px","size":"","sizes":[]},"pafe_form_style_label_font_size_laptop":{"unit":"px","size":"","sizes":[]},"pafe_form_style_label_font_size_tablet":{"unit":"px","size":"","sizes":[]},"pafe_form_style_label_font_size_mobile_extra":{"unit":"px","size":"","sizes":[]},"pafe_form_style_label_font_size_mobile":{"unit":"px","size":"","sizes":[]},"pafe_form_style_label_font_weight":"","pafe_form_style_label_text_transform":"","pafe_form_style_label_font_style":"","pafe_form_style_label_text_decoration":"","pafe_form_style_label_line_height":{"unit":"px","size":"","sizes":[]},"pafe_form_style_label_line_height_laptop":{"unit":"px","size":"","sizes":[]},"pafe_form_style_label_line_height_tablet":{"unit":"em","size":"","sizes":[]},"pafe_form_style_label_line_height_mobile_extra":{"unit":"px","size":"","sizes":[]},"pafe_form_style_label_line_height_mobile":{"unit":"em","size":"","sizes":[]},"pafe_form_style_label_letter_spacing":{"unit":"px","size":"","sizes":[]},"pafe_form_style_label_letter_spacing_laptop":{"unit":"px","size":"","sizes":[]},"pafe_form_style_label_letter_spacing_tablet":{"unit":"px","size":"","sizes":[]},"pafe_form_style_label_letter_spacing_mobile_extra":{"unit":"px","size":"","sizes":[]},"pafe_form_style_label_letter_spacing_mobile":{"unit":"px","size":"","sizes":[]},"pafe_form_style_label_word_spacing":{"unit":"px","size":"","sizes":[]},"pafe_form_style_label_word_spacing_laptop":{"unit":"px","size":"","sizes":[]},"pafe_form_style_label_word_spacing_tablet":{"unit":"em","size":"","sizes":[]},"pafe_form_style_label_word_spacing_mobile_extra":{"unit":"px","size":"","sizes":[]},"pafe_form_style_label_word_spacing_mobile":{"unit":"em","size":"","sizes":[]},"pafe_form_style_label_color":"#000","pafe_form_style_label_spacing":{"unit":"px","size":0,"sizes":[]},"pafe_form_style_label_spacing_laptop":{"unit":"px","size":"","sizes":[]},"pafe_form_style_label_spacing_tablet":{"unit":"px","size":"","sizes":[]},"pafe_form_style_label_spacing_mobile_extra":{"unit":"px","size":"","sizes":[]},"pafe_form_style_label_spacing_mobile":{"unit":"px","size":"","sizes":[]},"pafe_form_style_placeholder_typography":"","pafe_form_style_placeholder_font_family":"","pafe_form_style_placeholder_font_size":{"unit":"px","size":"","sizes":[]},"pafe_form_style_placeholder_font_size_laptop":{"unit":"px","size":"","sizes":[]},"pafe_form_style_placeholder_font_size_tablet":{"unit":"px","size":"","sizes":[]},"pafe_form_style_placeholder_font_size_mobile_extra":{"unit":"px","size":"","sizes":[]},"pafe_form_style_placeholder_font_size_mobile":{"unit":"px","size":"","sizes":[]},"pafe_form_style_placeholder_font_weight":"","pafe_form_style_placeholder_text_transform":"","pafe_form_style_placeholder_font_style":"","pafe_form_style_placeholder_text_decoration":"","pafe_form_style_placeholder_line_height":{"unit":"px","size":"","sizes":[]},"pafe_form_style_placeholder_line_height_laptop":{"unit":"px","size":"","sizes":[]},"pafe_form_style_placeholder_line_height_tablet":{"unit":"em","size":"","sizes":[]},"pafe_form_style_placeholder_line_height_mobile_extra":{"unit":"px","size":"","sizes":[]},"pafe_form_style_placeholder_line_height_mobile":{"unit":"em","size":"","sizes":[]},"pafe_form_style_placeholder_letter_spacing":{"unit":"px","size":"","sizes":[]},"pafe_form_style_placeholder_letter_spacing_laptop":{"unit":"px","size":"","sizes":[]},"pafe_form_style_placeholder_letter_spacing_tablet":{"unit":"px","size":"","sizes":[]},"pafe_form_style_placeholder_letter_spacing_mobile_extra":{"unit":"px","size":"","sizes":[]},"pafe_form_style_placeholder_letter_spacing_mobile":{"unit":"px","size":"","sizes":[]},"pafe_form_style_placeholder_word_spacing":{"unit":"px","size":"","sizes":[]},"pafe_form_style_placeholder_word_spacing_laptop":{"unit":"px","size":"","sizes":[]},"pafe_form_style_placeholder_word_spacing_tablet":{"unit":"em","size":"","sizes":[]},"pafe_form_style_placeholder_word_spacing_mobile_extra":{"unit":"px","size":"","sizes":[]},"pafe_form_style_placeholder_word_spacing_mobile":{"unit":"em","size":"","sizes":[]},"pafe_form_style_placeholder_color":"#7D7676","pafe_form_style_button_typography":"","pafe_form_style_button_font_family":"","pafe_form_style_button_font_size":{"unit":"px","size":"","sizes":[]},"pafe_form_style_button_font_size_laptop":{"unit":"px","size":"","sizes":[]},"pafe_form_style_button_font_size_tablet":{"unit":"px","size":"","sizes":[]},"pafe_form_style_button_font_size_mobile_extra":{"unit":"px","size":"","sizes":[]},"pafe_form_style_button_font_size_mobile":{"unit":"px","size":"","sizes":[]},"pafe_form_style_button_font_weight":"","pafe_form_style_button_text_transform":"","pafe_form_style_button_font_style":"","pafe_form_style_button_text_decoration":"","pafe_form_style_button_line_height":{"unit":"px","size":"","sizes":[]},"pafe_form_style_button_line_height_laptop":{"unit":"px","size":"","sizes":[]},"pafe_form_style_button_line_height_tablet":{"unit":"em","size":"","sizes":[]},"pafe_form_style_button_line_height_mobile_extra":{"unit":"px","size":"","sizes":[]},"pafe_form_style_button_line_height_mobile":{"unit":"em","size":"","sizes":[]},"pafe_form_style_button_letter_spacing":{"unit":"px","size":"","sizes":[]},"pafe_form_style_button_letter_spacing_laptop":{"unit":"px","size":"","sizes":[]},"pafe_form_style_button_letter_spacing_tablet":{"unit":"px","size":"","sizes":[]},"pafe_form_style_button_letter_spacing_mobile_extra":{"unit":"px","size":"","sizes":[]},"pafe_form_style_button_letter_spacing_mobile":{"unit":"px","size":"","sizes":[]},"pafe_form_style_button_word_spacing":{"unit":"px","size":"","sizes":[]},"pafe_form_style_button_word_spacing_laptop":{"unit":"px","size":"","sizes":[]},"pafe_form_style_button_word_spacing_tablet":{"unit":"em","size":"","sizes":[]},"pafe_form_style_button_word_spacing_mobile_extra":{"unit":"px","size":"","sizes":[]},"pafe_form_style_button_word_spacing_mobile":{"unit":"em","size":"","sizes":[]},"pafe_form_style_button_width":{"unit":"%","size":100,"sizes":[]},"pafe_form_style_button_width_laptop":{"unit":"px","size":"","sizes":[]},"pafe_form_style_button_width_tablet":{"unit":"px","size":"","sizes":[]},"pafe_form_style_button_width_mobile_extra":{"unit":"px","size":"","sizes":[]},"pafe_form_style_button_width_mobile":{"unit":"px","size":"","sizes":[]},"pafe_form_style_margin":{"unit":"px","top":"","right":"","bottom":"","left":"","isLinked":true},"pafe_form_style_margin_laptop":{"unit":"px","top":"","right":"","bottom":"","left":"","isLinked":true},"pafe_form_style_margin_tablet":{"unit":"px","top":"","right":"","bottom":"","left":"","isLinked":true},"pafe_form_style_margin_mobile_extra":{"unit":"px","top":"","right":"","bottom":"","left":"","isLinked":true},"pafe_form_style_margin_mobile":{"unit":"px","top":"","right":"","bottom":"","left":"","isLinked":true},"pafe_form_style_button_color_normal":"#fff","pafe_form_style_background_color_normal":"#6EC1E4","pafe_form_style_button_color_hover":"#fff","pafe_form_style_background_color_hover":"#04A5E9","pafe_form_style_button_padding":{"unit":"px","top":"","right":"","bottom":"","left":"","isLinked":true},"pafe_form_style_button_padding_laptop":{"unit":"px","top":"","right":"","bottom":"","left":"","isLinked":true},"pafe_form_style_button_padding_tablet":{"unit":"px","top":"","right":"","bottom":"","left":"","isLinked":true},"pafe_form_style_button_padding_mobile_extra":{"unit":"px","top":"","right":"","bottom":"","left":"","isLinked":true},"pafe_form_style_button_padding_mobile":{"unit":"px","top":"","right":"","bottom":"","left":"","isLinked":true},"pafe_form_style_button_border_border":"","pafe_form_style_button_border_width":{"unit":"px","top":"","right":"","bottom":"","left":"","isLinked":true},"pafe_form_style_button_border_width_laptop":{"unit":"px","top":"","right":"","bottom":"","left":"","isLinked":true},"pafe_form_style_button_border_width_tablet":{"unit":"px","top":"","right":"","bottom":"","left":"","isLinked":true},"pafe_form_style_button_border_width_mobile_extra":{"unit":"px","top":"","right":"","bottom":"","left":"","isLinked":true},"pafe_form_style_button_border_width_mobile":{"unit":"px","top":"","right":"","bottom":"","left":"","isLinked":true},"pafe_form_style_button_border_color":"","pafe_form_style_button_border_radius":{"unit":"px","top":"","right":"","bottom":"","left":"","isLinked":true},"pafe_form_style_button_border_radius_laptop":{"unit":"px","top":"","right":"","bottom":"","left":"","isLinked":true},"pafe_form_style_button_border_radius_tablet":{"unit":"px","top":"","right":"","bottom":"","left":"","isLinked":true},"pafe_form_style_button_border_radius_mobile_extra":{"unit":"px","top":"","right":"","bottom":"","left":"","isLinked":true},"pafe_form_style_button_border_radius_mobile":{"unit":"px","top":"","right":"","bottom":"","left":"","isLinked":true},"_flex_align_self_tablet":"center"},"elements":[],"isInner":false,"widgetType":"image","elType":"widget"},{"id":"13d77406","settings":{"editor":"<p>Elit a nibh pretium massa sit nisl. Purus mauris eu risus volutpat iaculis. Eu arcu congue pharetra vel cras. Purus neque senectus tincidunt id congue eget non pellentesque. Tincidunt lectus interdum consectetur ornare massa odio. Scelerisque mollis venenatis aliquam proin sed tempus ut dui molestie. Consectetur commodo magna pretium nunc purus eget. Sed mi fames quis nisi ut. Eu vulputate sagittis risus faucibus auctor mi aliquam. Turpis posuere tortor blandit commodo amet.<\/p>","align":"left","typography_typography":"custom","typography_font_family":"Mulish","typography_font_size":{"unit":"px","size":18,"sizes":[]},"typography_font_size_mobile":{"unit":"px","size":16,"sizes":[]},"typography_font_weight":"500","typography_text_transform":"none","typography_font_style":"normal","typography_text_decoration":"none","typography_line_height":{"unit":"px","size":32,"sizes":[]},"typography_line_height_tablet":{"unit":"px","size":"","sizes":[]},"typography_line_height_mobile":{"unit":"px","size":24,"sizes":[]},"typography_letter_spacing":{"unit":"px","size":0,"sizes":[]},"typography_word_spacing":{"unit":"px","size":0,"sizes":[]},"_margin":{"unit":"px","top":"0","right":"0","bottom":"0","left":"0","isLinked":false},"_padding":{"unit":"px","top":"40","right":"0","bottom":"40","left":"0","isLinked":false},"_padding_tablet":{"unit":"px","top":"20","right":"0","bottom":"20","left":"0","isLinked":false},"__globals__":{"text_color":"globals\/colors?id=977c281"},"align_tablet":"center","_padding_tablet_extra":{"unit":"px","top":"20","right":"0","bottom":"20","left":"0","isLinked":false}},"elements":[],"isInner":false,"widgetType":"text-editor","elType":"widget"},{"id":"5e2fdffb","settings":{"title":"01. The Challenge","align_tablet":"center","typography_typography":"custom","typography_font_family":"Marcellus","typography_font_size":{"unit":"px","size":36,"sizes":[]},"typography_font_size_tablet_extra":{"unit":"px","size":32,"sizes":[]},"typography_font_size_mobile_extra":{"unit":"px","size":30,"sizes":[]},"typography_font_weight":"400","typography_text_transform":"none","typography_font_style":"normal","typography_text_decoration":"none","typography_line_height":{"unit":"custom","size":"normal","sizes":[]},"typography_letter_spacing":{"unit":"px","size":0,"sizes":[]},"typography_word_spacing":{"unit":"px","size":0,"sizes":[]},"_margin":{"unit":"px","top":"0","right":"0","bottom":"0","left":"0","isLinked":false},"_padding":{"unit":"px","top":"0","right":"0","bottom":"0","left":"0","isLinked":false},"__globals__":{"title_color":"globals\/colors?id=accent"}},"elements":[],"isInner":false,"widgetType":"heading","elType":"widget"},{"id":"42d8a585","settings":{"editor":"<p>Ornare tortor amet nibh eu. Cursus mauris morbi a nam posuere eleifend pellentesque pharetra. Elit pharetra nisl posuere sed consequat imperdiet orci pulvinar. Montes quis diam vivamus arcu elit nec elit. Faucibus odio etiam turpis velit et aenean vitae tincidunt arcu. Consequat id rutrum vivamus rhoncus viverra est ut volutpat sapien.<\/p>","align":"left","typography_typography":"custom","typography_font_family":"Mulish","typography_font_size":{"unit":"px","size":18,"sizes":[]},"typography_font_size_mobile":{"unit":"px","size":16,"sizes":[]},"typography_font_weight":"500","typography_text_transform":"none","typography_font_style":"normal","typography_text_decoration":"none","typography_line_height":{"unit":"px","size":32,"sizes":[]},"typography_line_height_tablet":{"unit":"px","size":"","sizes":[]},"typography_line_height_mobile":{"unit":"px","size":24,"sizes":[]},"typography_letter_spacing":{"unit":"px","size":0,"sizes":[]},"typography_word_spacing":{"unit":"px","size":0,"sizes":[]},"_margin":{"unit":"px","top":"0","right":"0","bottom":"0","left":"0","isLinked":false},"_padding":{"unit":"px","top":"20","right":"0","bottom":"10","left":"0","isLinked":false},"_padding_tablet":{"unit":"px","top":"20","right":"0","bottom":"10","left":"0","isLinked":false},"__globals__":{"text_color":"globals\/colors?id=977c281"},"align_tablet":"center"},"elements":[],"isInner":false,"widgetType":"text-editor","elType":"widget"},{"id":"124a7f23","settings":{"editor":"<p>Morbi faucibus tincidunt sed vitae. Enim fringilla sed vitae accumsan massa ut. Urna in porttitor mattis tellus accumsan feugiat. Nam mi sit lobortis nisl faucibus dolor lectus lectus. Nibh luctus varius ut id turpis vel. Nibh purus amet faucibus ligula pellentesque bibendum dolor ultricies est.<\/p>","align":"left","typography_typography":"custom","typography_font_family":"Mulish","typography_font_size":{"unit":"px","size":18,"sizes":[]},"typography_font_size_mobile":{"unit":"px","size":16,"sizes":[]},"typography_font_weight":"500","typography_text_transform":"none","typography_font_style":"normal","typography_text_decoration":"none","typography_line_height":{"unit":"px","size":32,"sizes":[]},"typography_line_height_tablet":{"unit":"px","size":"","sizes":[]},"typography_line_height_mobile":{"unit":"px","size":24,"sizes":[]},"typography_letter_spacing":{"unit":"px","size":0,"sizes":[]},"typography_word_spacing":{"unit":"px","size":0,"sizes":[]},"_margin":{"unit":"px","top":"0","right":"0","bottom":"0","left":"0","isLinked":false},"_padding":{"unit":"px","top":"0","right":"0","bottom":"10","left":"0","isLinked":false},"_padding_tablet":{"unit":"px","top":"0","right":"0","bottom":"10","left":"0","isLinked":false},"__globals__":{"text_color":"globals\/colors?id=977c281"},"align_tablet":"center"},"elements":[],"isInner":false,"widgetType":"text-editor","elType":"widget"},{"id":"2f71bb2b","settings":{"editor":"<p>Dignissim venenatis leo pellentesque scelerisque augue tortor nunc mi. Consequat elit imperdiet dui integer ut tellus. Suscipit sit eget magna libero lectus. Lectus at commodo ac integer et viverra pulvinar scelerisque. Elit tellus sit pellentesque cursus ut aliquet faucibus morbi.<\/p>","align":"left","typography_typography":"custom","typography_font_family":"Mulish","typography_font_size":{"unit":"px","size":18,"sizes":[]},"typography_font_size_mobile":{"unit":"px","size":16,"sizes":[]},"typography_font_weight":"500","typography_text_transform":"none","typography_font_style":"normal","typography_text_decoration":"none","typography_line_height":{"unit":"px","size":32,"sizes":[]},"typography_line_height_tablet":{"unit":"px","size":"","sizes":[]},"typography_line_height_mobile":{"unit":"px","size":24,"sizes":[]},"typography_letter_spacing":{"unit":"px","size":0,"sizes":[]},"typography_word_spacing":{"unit":"px","size":0,"sizes":[]},"_margin":{"unit":"px","top":"0","right":"0","bottom":"0","left":"0","isLinked":false},"_padding":{"unit":"px","top":"0","right":"0","bottom":"0","left":"0","isLinked":true},"_padding_tablet":{"unit":"px","top":"0","right":"0","bottom":"0","left":"0","isLinked":false},"__globals__":{"text_color":"globals\/colors?id=977c281"},"align_tablet":"center"},"elements":[],"isInner":false,"widgetType":"text-editor","elType":"widget"},{"id":"7767c09f","settings":{"content_width":"full","flex_direction":"row","flex_justify_content":"center","flex_gap":{"column":"30","row":"0","isLinked":false,"unit":"px","size":30},"margin":{"unit":"px","top":"0","right":"0","bottom":"0","left":"0","isLinked":false},"padding":{"unit":"px","top":"40","right":"0","bottom":"0","left":"0","isLinked":false},"padding_tablet_extra":{"unit":"px","top":"20","right":"0","bottom":"0","left":"0","isLinked":false}},"elements":[{"id":"e1804a0","settings":{"image":{"url":"http:\/\/localhost\/wakil\/wp-content\/uploads\/2024\/05\/case_chalenge_3.png","id":1679,"size":"","alt":"","source":"library"},"width":{"unit":"%","size":100,"sizes":[]},"width_laptop":{"unit":"%","size":"","sizes":[]},"width_tablet_extra":{"unit":"%","size":"","sizes":[]},"width_tablet":{"unit":"px","size":"","sizes":[]},"width_mobile":{"unit":"px","size":"","sizes":[]},"space":{"unit":"%","size":100,"sizes":[]},"height":{"unit":"custom","size":"auto","sizes":[]},"height_laptop":{"unit":"custom","size":"","sizes":[]},"height_tablet_extra":{"unit":"custom","size":"","sizes":[]},"height_tablet":{"unit":"custom","size":"","sizes":[]},"height_mobile_extra":{"unit":"custom","size":"","sizes":[]},"height_mobile":{"unit":"custom","size":"","sizes":[]}},"elements":[],"isInner":false,"widgetType":"image","elType":"widget"},{"id":"66f7821","settings":{"image":{"url":"http:\/\/localhost\/wakil\/wp-content\/uploads\/2024\/05\/case_chalenge_1.png","id":1590,"size":"","alt":"","source":"library"},"width":{"unit":"%","size":100,"sizes":[]},"width_laptop":{"unit":"%","size":"","sizes":[]},"width_tablet_extra":{"unit":"%","size":"","sizes":[]},"width_tablet":{"unit":"px","size":"","sizes":[]},"width_mobile":{"unit":"px","size":"","sizes":[]},"space":{"unit":"%","size":100,"sizes":[]},"height":{"unit":"custom","size":"auto","sizes":[]},"height_laptop":{"unit":"custom","size":"","sizes":[]},"height_tablet_extra":{"unit":"custom","size":"","sizes":[]},"height_tablet":{"unit":"custom","size":"","sizes":[]},"height_mobile_extra":{"unit":"custom","size":"","sizes":[]},"height_mobile":{"unit":"custom","size":"","sizes":[]}},"elements":[],"isInner":false,"widgetType":"image","elType":"widget"},{"id":"50aa570a","settings":{"image":{"url":"http:\/\/localhost\/wakil\/wp-content\/uploads\/2024\/05\/case_chalenge_2.png","id":1591,"size":"","alt":"","source":"library"},"width":{"unit":"%","size":100,"sizes":[]},"space":{"unit":"%","size":100,"sizes":[]},"height":{"unit":"custom","size":"auto","sizes":[]},"height_laptop":{"unit":"custom","size":"","sizes":[]},"height_tablet_extra":{"unit":"custom","size":"","sizes":[]},"height_tablet":{"unit":"custom","size":"","sizes":[]},"height_mobile_extra":{"unit":"custom","size":"","sizes":[]},"height_mobile":{"unit":"custom","size":"","sizes":[]}},"elements":[],"isInner":false,"widgetType":"image","elType":"widget"}],"isInner":true,"elType":"container"},{"id":"571b7248","settings":{"title":"\u201cNon cursus sed enim suspendisse sit commodo diam vel ut. Ut elementum tristique nullam ornare vivamus imperdiet facilisi cras sit. Etiam vel vitae blandit elit egestas.\u201d","align":"center","typography_typography":"custom","typography_font_family":"Marcellus","typography_font_size":{"unit":"px","size":36,"sizes":[]},"typography_font_size_tablet":{"unit":"px","size":30,"sizes":[]},"typography_font_size_mobile":{"unit":"px","size":28,"sizes":[]},"typography_font_weight":"400","typography_text_transform":"none","typography_font_style":"normal","typography_text_decoration":"none","typography_line_height":{"unit":"custom","size":"normal","sizes":[]},"typography_letter_spacing":{"unit":"px","size":0,"sizes":[]},"typography_word_spacing":{"unit":"px","size":0,"sizes":[]},"_margin":{"unit":"px","top":"0","right":"0","bottom":"0","left":"0","isLinked":false},"_padding":{"unit":"px","top":"40","right":"0","bottom":"40","left":"0","isLinked":false},"_padding_tablet":{"unit":"px","top":"20","right":"0","bottom":"20","left":"0","isLinked":false},"__globals__":{"title_color":"globals\/colors?id=accent"}},"elements":[],"isInner":false,"widgetType":"heading","elType":"widget"},{"id":"787cec17","settings":{"title":"02. The Solution","align_tablet":"center","typography_typography":"custom","typography_font_family":"Marcellus","typography_font_size":{"unit":"px","size":36,"sizes":[]},"typography_font_size_tablet_extra":{"unit":"px","size":32,"sizes":[]},"typography_font_size_mobile_extra":{"unit":"px","size":30,"sizes":[]},"typography_font_weight":"400","typography_text_transform":"none","typography_font_style":"normal","typography_text_decoration":"none","typography_line_height":{"unit":"custom","size":"normal","sizes":[]},"typography_letter_spacing":{"unit":"px","size":0,"sizes":[]},"typography_word_spacing":{"unit":"px","size":0,"sizes":[]},"_margin":{"unit":"px","top":"0","right":"0","bottom":"0","left":"0","isLinked":false},"_padding":{"unit":"px","top":"0","right":"0","bottom":"0","left":"0","isLinked":false},"__globals__":{"title_color":"globals\/colors?id=accent"}},"elements":[],"isInner":false,"widgetType":"heading","elType":"widget"},{"id":"16d2dfaf","settings":{"editor":"<p>Ornare tortor amet nibh eu. Cursus mauris morbi a nam posuere eleifend pellentesque pharetra. Elit pharetra nisl posuere sed consequat imperdiet orci pulvinar. Montes quis diam vivamus arcu elit nec elit. Faucibus odio etiam turpis velit et aenean vitae tincidunt arcu. Consequat id rutrum vivamus rhoncus viverra est ut volutpat sapien.<\/p>","align":"left","typography_typography":"custom","typography_font_family":"Mulish","typography_font_size":{"unit":"px","size":18,"sizes":[]},"typography_font_size_mobile":{"unit":"px","size":16,"sizes":[]},"typography_font_weight":"500","typography_text_transform":"none","typography_font_style":"normal","typography_text_decoration":"none","typography_line_height":{"unit":"px","size":32,"sizes":[]},"typography_line_height_tablet":{"unit":"px","size":"","sizes":[]},"typography_line_height_mobile":{"unit":"px","size":24,"sizes":[]},"typography_letter_spacing":{"unit":"px","size":0,"sizes":[]},"typography_word_spacing":{"unit":"px","size":0,"sizes":[]},"_margin":{"unit":"px","top":"0","right":"0","bottom":"0","left":"0","isLinked":false},"_padding":{"unit":"px","top":"20","right":"0","bottom":"0","left":"0","isLinked":false},"_padding_tablet":{"unit":"px","top":"20","right":"0","bottom":"0","left":"0","isLinked":false},"__globals__":{"text_color":"globals\/colors?id=977c281"},"align_tablet":"center"},"elements":[],"isInner":false,"widgetType":"text-editor","elType":"widget"},{"id":"5947d6c0","settings":{"content_width":"full","flex_direction":"row","flex_justify_content":"space-between","flex_gap":{"column":"15","row":"15","isLinked":true,"unit":"px","size":15},"flex_gap_mobile_extra":{"column":"15","row":"15","isLinked":true,"unit":"px","size":15},"margin":{"unit":"px","top":"0","right":"0","bottom":"0","left":"0","isLinked":false},"padding":{"unit":"px","top":"40","right":"0","bottom":"40","left":"0","isLinked":false},"padding_tablet_extra":{"unit":"px","top":"20","right":"0","bottom":"20","left":"0","isLinked":false}},"elements":[{"id":"635c36ea","settings":{"icon_list":[{"text":"Tempus netus et id nibh habitant sit","selected_icon":{"value":"fas fa-plus","library":"fa-solid"},"_id":"e9a353d"},{"text":"Sed mauris tincidunt eu suspendisse","selected_icon":{"value":"fas fa-plus","library":"fa-solid"},"_id":"ac0cecc"},{"text":"Est auctor lorem at lectus amet ipsum","selected_icon":{"value":"fas fa-plus","library":"fa-solid"},"_id":"eda81a5"},{"text":"Nulla tempor elit in consectetur","selected_icon":{"value":"fas fa-plus","library":"fa-solid"},"_id":"f733a18"}],"space_between":{"unit":"px","size":15,"sizes":[]},"icon_align":"left","icon_size":{"unit":"px","size":15,"sizes":[]},"text_indent":{"unit":"px","size":0,"sizes":[]},"icon_self_align":"left","icon_self_vertical_align":"center","icon_self_vertical_align_tablet":"center","icon_typography_typography":"custom","icon_typography_font_family":"Mulish","icon_typography_font_size":{"unit":"px","size":18,"sizes":[]},"icon_typography_font_size_tablet":{"unit":"px","size":15,"sizes":[]},"icon_typography_font_weight":"500","icon_typography_text_transform":"none","icon_typography_font_style":"normal","icon_typography_text_decoration":"none","icon_typography_line_height":{"unit":"px","size":24,"sizes":[]},"icon_typography_line_height_tablet":{"unit":"px","size":"","sizes":[]},"icon_typography_line_height_mobile":{"unit":"px","size":"","sizes":[]},"icon_typography_letter_spacing":{"unit":"px","size":0,"sizes":[]},"icon_typography_word_spacing":{"unit":"px","size":0,"sizes":[]},"_margin":{"unit":"px","top":"0","right":"0","bottom":"0","left":"0","isLinked":false},"_padding":{"unit":"px","top":"0","right":"0","bottom":"0","left":"0","isLinked":false},"_element_width":"initial","_element_width_mobile_extra":"inherit","_element_custom_width":{"unit":"%","size":50,"sizes":[]},"__globals__":{"text_color":"globals\/colors?id=accent"}},"elements":[],"isInner":false,"widgetType":"icon-list","elType":"widget"},{"id":"266b8aee","settings":{"icon_list":[{"text":"Consequat nisl iaculis leo pharetra","selected_icon":{"value":"fas fa-plus","library":"fa-solid"},"_id":"e9a353d"},{"text":"Quisque dui id vulputate pulvinar","selected_icon":{"value":"fas fa-plus","library":"fa-solid"},"_id":"38d30b0"},{"text":"Ac est suspendisse egestas tristique","selected_icon":{"value":"fas fa-plus","library":"fa-solid"},"_id":"1a428c6"},{"text":"Nibh eget ornare sagittis tellus ut","selected_icon":{"value":"fas fa-plus","library":"fa-solid"},"_id":"cbdb777"}],"space_between":{"unit":"px","size":15,"sizes":[]},"icon_align":"left","icon_size":{"unit":"px","size":15,"sizes":[]},"text_indent":{"unit":"px","size":0,"sizes":[]},"icon_self_align":"left","icon_self_vertical_align":"center","icon_typography_typography":"custom","icon_typography_font_family":"Mulish","icon_typography_font_size":{"unit":"px","size":18,"sizes":[]},"icon_typography_font_size_tablet":{"unit":"px","size":15,"sizes":[]},"icon_typography_font_weight":"500","icon_typography_text_transform":"none","icon_typography_font_style":"normal","icon_typography_text_decoration":"none","icon_typography_line_height":{"unit":"px","size":24,"sizes":[]},"icon_typography_line_height_tablet":{"unit":"px","size":"","sizes":[]},"icon_typography_line_height_mobile":{"unit":"px","size":"","sizes":[]},"icon_typography_letter_spacing":{"unit":"px","size":0,"sizes":[]},"icon_typography_word_spacing":{"unit":"px","size":0,"sizes":[]},"_margin":{"unit":"px","top":"0","right":"0","bottom":"0","left":"0","isLinked":false},"_padding":{"unit":"px","top":"0","right":"0","bottom":"0","left":"0","isLinked":false},"_element_width":"initial","_element_width_mobile_extra":"inherit","_element_custom_width":{"unit":"%","size":52,"sizes":[]},"__globals__":{"text_color":"globals\/colors?id=accent"}},"elements":[],"isInner":false,"widgetType":"icon-list","elType":"widget"}],"isInner":true,"elType":"container"},{"id":"3fed0698","settings":{"title":"03. The Result","align_tablet":"center","typography_typography":"custom","typography_font_family":"Marcellus","typography_font_size":{"unit":"px","size":36,"sizes":[]},"typography_font_size_tablet_extra":{"unit":"px","size":32,"sizes":[]},"typography_font_size_mobile_extra":{"unit":"px","size":30,"sizes":[]},"typography_font_weight":"400","typography_text_transform":"none","typography_font_style":"normal","typography_text_decoration":"none","typography_line_height":{"unit":"custom","size":"normal","sizes":[]},"typography_letter_spacing":{"unit":"px","size":0,"sizes":[]},"typography_word_spacing":{"unit":"px","size":0,"sizes":[]},"_margin":{"unit":"px","top":"0","right":"0","bottom":"0","left":"0","isLinked":false},"_padding":{"unit":"px","top":"0","right":"0","bottom":"0","left":"0","isLinked":false},"__globals__":{"title_color":"globals\/colors?id=accent"}},"elements":[],"isInner":false,"widgetType":"heading","elType":"widget"},{"id":"41a98c25","settings":{"editor":"<p>Ornare tortor amet nibh eu. Cursus mauris morbi a nam posuere eleifend pellentesque pharetra. Elit pharetra nisl posuere sed consequat imperdiet orci pulvinar. Montes quis diam vivamus arcu elit nec elit. Faucibus odio etiam turpis velit et aenean vitae tincidunt arcu. Consequat id rutrum vivamus rhoncus viverra est ut volutpat sapien.<\/p>","align":"left","typography_typography":"custom","typography_font_family":"Mulish","typography_font_size":{"unit":"px","size":18,"sizes":[]},"typography_font_size_mobile":{"unit":"px","size":16,"sizes":[]},"typography_font_weight":"500","typography_text_transform":"none","typography_font_style":"normal","typography_text_decoration":"none","typography_line_height":{"unit":"px","size":32,"sizes":[]},"typography_line_height_tablet":{"unit":"px","size":"","sizes":[]},"typography_line_height_mobile":{"unit":"px","size":24,"sizes":[]},"typography_letter_spacing":{"unit":"px","size":0,"sizes":[]},"typography_word_spacing":{"unit":"px","size":0,"sizes":[]},"_margin":{"unit":"px","top":"0","right":"0","bottom":"0","left":"0","isLinked":false},"_padding":{"unit":"px","top":"20","right":"0","bottom":"0","left":"0","isLinked":false},"_padding_tablet":{"unit":"px","top":"0","right":"0","bottom":"0","left":"0","isLinked":false},"__globals__":{"text_color":"globals\/colors?id=977c281"},"align_tablet":"center"},"elements":[],"isInner":false,"widgetType":"text-editor","elType":"widget"},{"id":"633de50e","settings":{"content_width":"full","flex_direction":"row","flex_justify_content":"center","flex_gap":{"column":"30","row":"30","isLinked":false,"unit":"px","size":30},"flex_gap_tablet_extra":{"column":"15","row":"15","isLinked":false,"unit":"px","size":15},"flex_wrap_tablet_extra":"wrap","margin":{"unit":"px","top":"0","right":"0","bottom":"0","left":"0","isLinked":false},"padding":{"unit":"px","top":"60","right":"0","bottom":"0","left":"0","isLinked":false},"padding_tablet_extra":{"unit":"px","top":"40","right":"0","bottom":"0","left":"0","isLinked":false}},"elements":[{"id":"32dd55f","settings":{"selected_icon":{"value":"fab fa-facebook-f","library":"fa-brands"},"view":"framed","shape":"square","primary_color":"#FFFFFF","secondary_color":"#3B5998","size":{"unit":"px","size":22,"sizes":[]},"icon_padding":{"unit":"px","size":0,"sizes":[]},"border_width":{"unit":"px","top":"0","right":"0","bottom":"0","left":"0","isLinked":false},"border_radius":{"unit":"px","top":"0","right":"0","bottom":"0","left":"0","isLinked":false},"_margin":{"unit":"px","top":"0","right":"0","bottom":"0","left":"0","isLinked":false},"_padding":{"unit":"px","top":"20","right":"20","bottom":"20","left":"20","isLinked":true},"_element_width":"initial","_element_custom_width":{"unit":"px","size":170,"sizes":[]},"_element_custom_width_mobile_extra":{"unit":"px","size":130,"sizes":[]},"_flex_align_self":"center","_background_background":"classic","_background_color":"#3B5998","__globals__":{"primary_color":"globals\/colors?id=text","secondary_color":""},"link":{"url":"https:\/\/www.facebook.com\/","is_external":"on","nofollow":"","custom_attributes":""}},"elements":[],"isInner":false,"widgetType":"icon","elType":"widget"},{"id":"574c6ce3","settings":{"selected_icon":{"value":"fab fa-twitter","library":"fa-brands"},"view":"framed","shape":"square","primary_color":"#FFFFFF","size":{"unit":"px","size":22,"sizes":[]},"icon_padding":{"unit":"px","size":0,"sizes":[]},"border_width":{"unit":"px","top":"0","right":"0","bottom":"0","left":"0","isLinked":false},"border_radius":{"unit":"px","top":"0","right":"0","bottom":"0","left":"0","isLinked":false},"_margin":{"unit":"px","top":"0","right":"0","bottom":"0","left":"0","isLinked":false},"_padding":{"unit":"px","top":"20","right":"20","bottom":"20","left":"20","isLinked":true},"_element_width":"initial","_element_custom_width":{"unit":"px","size":170,"sizes":[]},"_element_custom_width_mobile_extra":{"unit":"px","size":130,"sizes":[]},"_flex_align_self":"center","_background_background":"classic","_background_color":"#1DA1F2","__globals__":{"primary_color":"globals\/colors?id=text","secondary_color":""},"link":{"url":"https:\/\/twitter.com\/","is_external":"on","nofollow":"","custom_attributes":""}},"elements":[],"isInner":false,"widgetType":"icon","elType":"widget"},{"id":"fb46b40","settings":{"selected_icon":{"value":"fab fa-whatsapp","library":"fa-brands"},"view":"framed","shape":"square","primary_color":"#FFFFFF","size":{"unit":"px","size":22,"sizes":[]},"icon_padding":{"unit":"px","size":0,"sizes":[]},"border_width":{"unit":"px","top":"0","right":"0","bottom":"0","left":"0","isLinked":false},"border_radius":{"unit":"px","top":"0","right":"0","bottom":"0","left":"0","isLinked":false},"_margin":{"unit":"px","top":"0","right":"0","bottom":"0","left":"0","isLinked":false},"_padding":{"unit":"px","top":"20","right":"20","bottom":"20","left":"20","isLinked":true},"_element_width":"initial","_element_custom_width":{"unit":"px","size":170,"sizes":[]},"_element_custom_width_mobile_extra":{"unit":"px","size":130,"sizes":[]},"_flex_align_self":"center","_background_background":"classic","_background_color":"#25D366","__globals__":{"primary_color":"globals\/colors?id=text","secondary_color":""},"link":{"url":"https:\/\/web.whatsapp.com\/","is_external":"on","nofollow":"","custom_attributes":""}},"elements":[],"isInner":false,"widgetType":"icon","elType":"widget"},{"id":"f73a1c5","settings":{"selected_icon":{"value":"fab fa-linkedin-in","library":"fa-brands"},"view":"framed","shape":"square","primary_color":"#FFFFFF","size":{"unit":"px","size":22,"sizes":[]},"icon_padding":{"unit":"px","size":0,"sizes":[]},"border_width":{"unit":"px","top":"0","right":"0","bottom":"0","left":"0","isLinked":false},"border_radius":{"unit":"px","top":"0","right":"0","bottom":"0","left":"0","isLinked":false},"_margin":{"unit":"px","top":"0","right":"0","bottom":"0","left":"0","isLinked":false},"_padding":{"unit":"px","top":"20","right":"20","bottom":"20","left":"20","isLinked":true},"_element_width":"initial","_element_custom_width":{"unit":"px","size":170,"sizes":[]},"_element_custom_width_mobile_extra":{"unit":"px","size":130,"sizes":[]},"_flex_align_self":"center","_background_background":"classic","_background_color":"#0077B5","__globals__":{"primary_color":"globals\/colors?id=text","secondary_color":""},"link":{"url":"https:\/\/www.linkedin.com\/","is_external":"on","nofollow":"","custom_attributes":""}},"elements":[],"isInner":false,"widgetType":"icon","elType":"widget"},{"id":"2ec4cbcd","settings":{"selected_icon":{"value":"fab fa-pinterest-p","library":"fa-brands"},"view":"framed","shape":"square","primary_color":"#FFFFFF","size":{"unit":"px","size":22,"sizes":[]},"icon_padding":{"unit":"px","size":0,"sizes":[]},"border_width":{"unit":"px","top":"0","right":"0","bottom":"0","left":"0","isLinked":false},"border_radius":{"unit":"px","top":"0","right":"0","bottom":"0","left":"0","isLinked":false},"_margin":{"unit":"px","top":"0","right":"0","bottom":"0","left":"0","isLinked":false},"_padding":{"unit":"px","top":"20","right":"20","bottom":"20","left":"20","isLinked":true},"_element_width":"initial","_element_custom_width":{"unit":"px","size":170,"sizes":[]},"_element_custom_width_mobile_extra":{"unit":"px","size":130,"sizes":[]},"_flex_align_self":"center","_background_background":"classic","_background_color":"#CB2027","__globals__":{"primary_color":"globals\/colors?id=text","secondary_color":""},"link":{"url":"https:\/\/in.pinterest.com\/","is_external":"on","nofollow":"","custom_attributes":""}},"elements":[],"isInner":false,"widgetType":"icon","elType":"widget"},{"id":"1736245a","settings":{"selected_icon":{"value":"fas fa-plus","library":"fa-solid"},"view":"framed","shape":"square","primary_color":"#FFFFFF","size":{"unit":"px","size":22,"sizes":[]},"icon_padding":{"unit":"px","size":0,"sizes":[]},"border_width":{"unit":"px","top":"0","right":"0","bottom":"0","left":"0","isLinked":false},"border_radius":{"unit":"px","top":"0","right":"0","bottom":"0","left":"0","isLinked":false},"_margin":{"unit":"px","top":"0","right":"0","bottom":"0","left":"0","isLinked":false},"_padding":{"unit":"px","top":"20","right":"20","bottom":"20","left":"20","isLinked":true},"_element_width":"initial","_element_custom_width":{"unit":"px","size":170,"sizes":[]},"_element_custom_width_mobile_extra":{"unit":"px","size":130,"sizes":[]},"_flex_align_self":"center","_background_background":"classic","__globals__":{"primary_color":"globals\/colors?id=text","secondary_color":"","_background_color":"globals\/colors?id=accent"}},"elements":[],"isInner":false,"widgetType":"icon","elType":"widget"}],"isInner":true,"elType":"container"}],"isInner":true,"elType":"container"}],"isInner":false,"elType":"container"}],"settings":{"template":"default"},"metadata":{"wpse_uploaded_image":"2292","author_image_id":""}}