{"content":[{"id":"72fc1d36","settings":{"content_width":"full","width":{"unit":"%","size":100,"sizes":[]},"width_laptop":{"unit":"%","size":"","sizes":[]},"width_tablet_extra":{"unit":"%","size":"","sizes":[]},"width_tablet":{"unit":"%","size":"","sizes":[]},"width_mobile_extra":{"unit":"%","size":"","sizes":[]},"width_mobile":{"unit":"%","size":"","sizes":[]},"background_background":"classic","padding":{"unit":"px","top":"0","right":"0","bottom":"0","left":"0","isLinked":false},"_flex_align_self":"center","__globals__":{"background_color":"globals\/colors?id=text"}},"elements":[{"id":"84e4b74","settings":{"content_width":"full","margin":{"unit":"px","top":"0","right":"0","bottom":"0","left":"0","isLinked":false},"padding":{"unit":"px","top":"0","right":"0","bottom":"0","left":"0","isLinked":false}},"elements":[{"id":"438b9ab1","settings":{"image_width":{"unit":"px","size":100,"sizes":[]},"alignment":"left","css_filters_blur":{"unit":"px","size":9.9,"sizes":[]},"css_filters_brightness":{"unit":"px","size":0,"sizes":[]},"_background_background":"classic","__globals__":{"_background_color":"","title_color":"globals\/colors?id=accent"},"title_color":"#CA9A67","title_font_size":{"unit":"px","size":37,"sizes":[]},"content_typography_typography":"custom","content_typography_font_family":"Marcellus","content_typography_font_size":{"unit":"px","size":48,"sizes":[]},"content_typography_font_weight":"400","content_typography_line_height":{"unit":"custom","size":"normal","sizes":[]},"content_typography_line_height_laptop":{"unit":"custom","size":"","sizes":[]},"content_typography_line_height_tablet_extra":{"unit":"custom","size":"","sizes":[]},"content_typography_line_height_tablet":{"unit":"custom","size":"","sizes":[]},"content_typography_line_height_mobile_extra":{"unit":"custom","size":"","sizes":[]},"content_typography_line_height_mobile":{"unit":"custom","size":"","sizes":[]},"content_typography_font_size_tablet_extra":{"unit":"px","size":42,"sizes":[]},"content_typography_font_size_tablet":{"unit":"px","size":36,"sizes":[]},"content_typography_font_size_mobile_extra":{"unit":"px","size":32,"sizes":[]},"content_typography_font_size_mobile":{"unit":"px","size":32,"sizes":[]},"post_id":214,"alignment_tablet":"center","alignment_mobile_extra":"center"},"elements":[],"isInner":false,"widgetType":"feature_image","elType":"widget"},{"id":"193266e6","settings":{"image":{"id":"231","url":"http:\/\/localhost\/wakil\/wp-content\/uploads\/2024\/05\/border_icon-3.png"},"width":{"unit":"%","size":100,"sizes":[]},"space":{"unit":"px","size":36,"sizes":[]},"space_tablet":{"unit":"px","size":"","sizes":[]},"space_mobile":{"unit":"px","size":"","sizes":[]},"height":{"unit":"px","size":30,"sizes":[]},"object-fit":"contain","_margin":{"unit":"px","top":"0","right":"0","bottom":"0","left":"0","isLinked":false},"_padding":{"unit":"px","top":"0","right":"120","bottom":"0","left":"120","isLinked":false},"_css_classes":"before_after_border left_side_image_conatin","_animation":"slideInUp","align":"center","_flex_align_self":"flex-start","_flex_size":"shrink","_margin_laptop":{"unit":"px","top":"0","right":"0","bottom":"0","left":"0","isLinked":false},"_flex_align_self_mobile_extra":"center","pafe_tooltip":"","pafe_tooltip_content_type":"content","pafe_tooltip_content_wysiwyg":"","pafe_tooltip_content_saved_template":"","pafe_tooltip_content_image":{"url":"http:\/\/localhost\/wakil\/wp-content\/plugins\/elementor\/assets\/images\/placeholder.png","id":"","size":""},"pafe_tooltip_duration":"300","pafe_tooltip_distance":"5","pafe_tooltip_animation_type":"scale","pafe_tooltip_placement":"top","pafe_tooltip_content_color":"#fff","pafe_tooltip_custom_width":"","pafe_tooltip_content_width":{"unit":"%","size":100,"sizes":[]},"pafe_tooltip_content_width_laptop":{"unit":"px","size":"","sizes":[]},"pafe_tooltip_content_width_tablet":{"unit":"px","size":"","sizes":[]},"pafe_tooltip_content_width_mobile_extra":{"unit":"px","size":"","sizes":[]},"pafe_tooltip_content_width_mobile":{"unit":"px","size":"","sizes":[]},"pafe_tooltip_background_color":"#000","pafe_tooltip_label_typography_typography":"","pafe_tooltip_label_typography_font_family":"","pafe_tooltip_label_typography_font_size":{"unit":"px","size":"","sizes":[]},"pafe_tooltip_label_typography_font_size_laptop":{"unit":"px","size":"","sizes":[]},"pafe_tooltip_label_typography_font_size_tablet":{"unit":"px","size":"","sizes":[]},"pafe_tooltip_label_typography_font_size_mobile_extra":{"unit":"px","size":"","sizes":[]},"pafe_tooltip_label_typography_font_size_mobile":{"unit":"px","size":"","sizes":[]},"pafe_tooltip_label_typography_font_weight":"","pafe_tooltip_label_typography_text_transform":"","pafe_tooltip_label_typography_font_style":"","pafe_tooltip_label_typography_text_decoration":"","pafe_tooltip_label_typography_line_height":{"unit":"px","size":"","sizes":[]},"pafe_tooltip_label_typography_line_height_laptop":{"unit":"px","size":"","sizes":[]},"pafe_tooltip_label_typography_line_height_tablet":{"unit":"em","size":"","sizes":[]},"pafe_tooltip_label_typography_line_height_mobile_extra":{"unit":"px","size":"","sizes":[]},"pafe_tooltip_label_typography_line_height_mobile":{"unit":"em","size":"","sizes":[]},"pafe_tooltip_label_typography_letter_spacing":{"unit":"px","size":"","sizes":[]},"pafe_tooltip_label_typography_letter_spacing_laptop":{"unit":"px","size":"","sizes":[]},"pafe_tooltip_label_typography_letter_spacing_tablet":{"unit":"px","size":"","sizes":[]},"pafe_tooltip_label_typography_letter_spacing_mobile_extra":{"unit":"px","size":"","sizes":[]},"pafe_tooltip_label_typography_letter_spacing_mobile":{"unit":"px","size":"","sizes":[]},"pafe_tooltip_label_typography_word_spacing":{"unit":"px","size":"","sizes":[]},"pafe_tooltip_label_typography_word_spacing_laptop":{"unit":"px","size":"","sizes":[]},"pafe_tooltip_label_typography_word_spacing_tablet":{"unit":"em","size":"","sizes":[]},"pafe_tooltip_label_typography_word_spacing_mobile_extra":{"unit":"px","size":"","sizes":[]},"pafe_tooltip_label_typography_word_spacing_mobile":{"unit":"em","size":"","sizes":[]},"pafe_form_style":"","pafe_form_style_width":{"unit":"%","size":100,"sizes":[]},"pafe_form_style_width_laptop":{"unit":"px","size":"","sizes":[]},"pafe_form_style_width_tablet":{"unit":"px","size":"","sizes":[]},"pafe_form_style_width_mobile_extra":{"unit":"px","size":"","sizes":[]},"pafe_form_style_width_mobile":{"unit":"px","size":"","sizes":[]},"pafe_form_style_align":"","pafe_form_style_align_laptop":"","pafe_form_style_align_tablet":"","pafe_form_style_align_mobile_extra":"","pafe_form_style_align_mobile":"","pafe_form_style_row_gap":{"unit":"px","size":20,"sizes":[]},"pafe_form_style_row_gap_laptop":{"unit":"px","size":"","sizes":[]},"pafe_form_style_row_gap_tablet":{"unit":"px","size":"","sizes":[]},"pafe_form_style_row_gap_mobile_extra":{"unit":"px","size":"","sizes":[]},"pafe_form_style_row_gap_mobile":{"unit":"px","size":"","sizes":[]},"pafe_form_style_padding":{"unit":"px","top":"","right":"","bottom":"","left":"","isLinked":true},"pafe_form_style_padding_laptop":{"unit":"px","top":"","right":"","bottom":"","left":"","isLinked":true},"pafe_form_style_padding_tablet":{"unit":"px","top":"","right":"","bottom":"","left":"","isLinked":true},"pafe_form_style_padding_mobile_extra":{"unit":"px","top":"","right":"","bottom":"","left":"","isLinked":true},"pafe_form_style_padding_mobile":{"unit":"px","top":"","right":"","bottom":"","left":"","isLinked":true},"pafe_form_style_input_border_border":"","pafe_form_style_input_border_width":{"unit":"px","top":"","right":"","bottom":"","left":"","isLinked":true},"pafe_form_style_input_border_width_laptop":{"unit":"px","top":"","right":"","bottom":"","left":"","isLinked":true},"pafe_form_style_input_border_width_tablet":{"unit":"px","top":"","right":"","bottom":"","left":"","isLinked":true},"pafe_form_style_input_border_width_mobile_extra":{"unit":"px","top":"","right":"","bottom":"","left":"","isLinked":true},"pafe_form_style_input_border_width_mobile":{"unit":"px","top":"","right":"","bottom":"","left":"","isLinked":true},"pafe_form_style_input_border_color":"","pafe_form_style_input_border_radius":{"unit":"px","top":"","right":"","bottom":"","left":"","isLinked":true},"pafe_form_style_input_border_radius_laptop":{"unit":"px","top":"","right":"","bottom":"","left":"","isLinked":true},"pafe_form_style_input_border_radius_tablet":{"unit":"px","top":"","right":"","bottom":"","left":"","isLinked":true},"pafe_form_style_input_border_radius_mobile_extra":{"unit":"px","top":"","right":"","bottom":"","left":"","isLinked":true},"pafe_form_style_input_border_radius_mobile":{"unit":"px","top":"","right":"","bottom":"","left":"","isLinked":true},"pafe_form_style_area_padding":{"unit":"px","top":"","right":"","bottom":"","left":"","isLinked":true},"pafe_form_style_area_padding_laptop":{"unit":"px","top":"","right":"","bottom":"","left":"","isLinked":true},"pafe_form_style_area_padding_tablet":{"unit":"px","top":"","right":"","bottom":"","left":"","isLinked":true},"pafe_form_style_area_padding_mobile_extra":{"unit":"px","top":"","right":"","bottom":"","left":"","isLinked":true},"pafe_form_style_area_padding_mobile":{"unit":"px","top":"","right":"","bottom":"","left":"","isLinked":true},"pafe_form_style_background_color":"#f1f1f1","pafe_form_style_label_typography":"","pafe_form_style_label_font_family":"","pafe_form_style_label_font_size":{"unit":"px","size":"","sizes":[]},"pafe_form_style_label_font_size_laptop":{"unit":"px","size":"","sizes":[]},"pafe_form_style_label_font_size_tablet":{"unit":"px","size":"","sizes":[]},"pafe_form_style_label_font_size_mobile_extra":{"unit":"px","size":"","sizes":[]},"pafe_form_style_label_font_size_mobile":{"unit":"px","size":"","sizes":[]},"pafe_form_style_label_font_weight":"","pafe_form_style_label_text_transform":"","pafe_form_style_label_font_style":"","pafe_form_style_label_text_decoration":"","pafe_form_style_label_line_height":{"unit":"px","size":"","sizes":[]},"pafe_form_style_label_line_height_laptop":{"unit":"px","size":"","sizes":[]},"pafe_form_style_label_line_height_tablet":{"unit":"em","size":"","sizes":[]},"pafe_form_style_label_line_height_mobile_extra":{"unit":"px","size":"","sizes":[]},"pafe_form_style_label_line_height_mobile":{"unit":"em","size":"","sizes":[]},"pafe_form_style_label_letter_spacing":{"unit":"px","size":"","sizes":[]},"pafe_form_style_label_letter_spacing_laptop":{"unit":"px","size":"","sizes":[]},"pafe_form_style_label_letter_spacing_tablet":{"unit":"px","size":"","sizes":[]},"pafe_form_style_label_letter_spacing_mobile_extra":{"unit":"px","size":"","sizes":[]},"pafe_form_style_label_letter_spacing_mobile":{"unit":"px","size":"","sizes":[]},"pafe_form_style_label_word_spacing":{"unit":"px","size":"","sizes":[]},"pafe_form_style_label_word_spacing_laptop":{"unit":"px","size":"","sizes":[]},"pafe_form_style_label_word_spacing_tablet":{"unit":"em","size":"","sizes":[]},"pafe_form_style_label_word_spacing_mobile_extra":{"unit":"px","size":"","sizes":[]},"pafe_form_style_label_word_spacing_mobile":{"unit":"em","size":"","sizes":[]},"pafe_form_style_label_color":"#000","pafe_form_style_label_spacing":{"unit":"px","size":0,"sizes":[]},"pafe_form_style_label_spacing_laptop":{"unit":"px","size":"","sizes":[]},"pafe_form_style_label_spacing_tablet":{"unit":"px","size":"","sizes":[]},"pafe_form_style_label_spacing_mobile_extra":{"unit":"px","size":"","sizes":[]},"pafe_form_style_label_spacing_mobile":{"unit":"px","size":"","sizes":[]},"pafe_form_style_placeholder_typography":"","pafe_form_style_placeholder_font_family":"","pafe_form_style_placeholder_font_size":{"unit":"px","size":"","sizes":[]},"pafe_form_style_placeholder_font_size_laptop":{"unit":"px","size":"","sizes":[]},"pafe_form_style_placeholder_font_size_tablet":{"unit":"px","size":"","sizes":[]},"pafe_form_style_placeholder_font_size_mobile_extra":{"unit":"px","size":"","sizes":[]},"pafe_form_style_placeholder_font_size_mobile":{"unit":"px","size":"","sizes":[]},"pafe_form_style_placeholder_font_weight":"","pafe_form_style_placeholder_text_transform":"","pafe_form_style_placeholder_font_style":"","pafe_form_style_placeholder_text_decoration":"","pafe_form_style_placeholder_line_height":{"unit":"px","size":"","sizes":[]},"pafe_form_style_placeholder_line_height_laptop":{"unit":"px","size":"","sizes":[]},"pafe_form_style_placeholder_line_height_tablet":{"unit":"em","size":"","sizes":[]},"pafe_form_style_placeholder_line_height_mobile_extra":{"unit":"px","size":"","sizes":[]},"pafe_form_style_placeholder_line_height_mobile":{"unit":"em","size":"","sizes":[]},"pafe_form_style_placeholder_letter_spacing":{"unit":"px","size":"","sizes":[]},"pafe_form_style_placeholder_letter_spacing_laptop":{"unit":"px","size":"","sizes":[]},"pafe_form_style_placeholder_letter_spacing_tablet":{"unit":"px","size":"","sizes":[]},"pafe_form_style_placeholder_letter_spacing_mobile_extra":{"unit":"px","size":"","sizes":[]},"pafe_form_style_placeholder_letter_spacing_mobile":{"unit":"px","size":"","sizes":[]},"pafe_form_style_placeholder_word_spacing":{"unit":"px","size":"","sizes":[]},"pafe_form_style_placeholder_word_spacing_laptop":{"unit":"px","size":"","sizes":[]},"pafe_form_style_placeholder_word_spacing_tablet":{"unit":"em","size":"","sizes":[]},"pafe_form_style_placeholder_word_spacing_mobile_extra":{"unit":"px","size":"","sizes":[]},"pafe_form_style_placeholder_word_spacing_mobile":{"unit":"em","size":"","sizes":[]},"pafe_form_style_placeholder_color":"#7D7676","pafe_form_style_button_typography":"","pafe_form_style_button_font_family":"","pafe_form_style_button_font_size":{"unit":"px","size":"","sizes":[]},"pafe_form_style_button_font_size_laptop":{"unit":"px","size":"","sizes":[]},"pafe_form_style_button_font_size_tablet":{"unit":"px","size":"","sizes":[]},"pafe_form_style_button_font_size_mobile_extra":{"unit":"px","size":"","sizes":[]},"pafe_form_style_button_font_size_mobile":{"unit":"px","size":"","sizes":[]},"pafe_form_style_button_font_weight":"","pafe_form_style_button_text_transform":"","pafe_form_style_button_font_style":"","pafe_form_style_button_text_decoration":"","pafe_form_style_button_line_height":{"unit":"px","size":"","sizes":[]},"pafe_form_style_button_line_height_laptop":{"unit":"px","size":"","sizes":[]},"pafe_form_style_button_line_height_tablet":{"unit":"em","size":"","sizes":[]},"pafe_form_style_button_line_height_mobile_extra":{"unit":"px","size":"","sizes":[]},"pafe_form_style_button_line_height_mobile":{"unit":"em","size":"","sizes":[]},"pafe_form_style_button_letter_spacing":{"unit":"px","size":"","sizes":[]},"pafe_form_style_button_letter_spacing_laptop":{"unit":"px","size":"","sizes":[]},"pafe_form_style_button_letter_spacing_tablet":{"unit":"px","size":"","sizes":[]},"pafe_form_style_button_letter_spacing_mobile_extra":{"unit":"px","size":"","sizes":[]},"pafe_form_style_button_letter_spacing_mobile":{"unit":"px","size":"","sizes":[]},"pafe_form_style_button_word_spacing":{"unit":"px","size":"","sizes":[]},"pafe_form_style_button_word_spacing_laptop":{"unit":"px","size":"","sizes":[]},"pafe_form_style_button_word_spacing_tablet":{"unit":"em","size":"","sizes":[]},"pafe_form_style_button_word_spacing_mobile_extra":{"unit":"px","size":"","sizes":[]},"pafe_form_style_button_word_spacing_mobile":{"unit":"em","size":"","sizes":[]},"pafe_form_style_button_width":{"unit":"%","size":100,"sizes":[]},"pafe_form_style_button_width_laptop":{"unit":"px","size":"","sizes":[]},"pafe_form_style_button_width_tablet":{"unit":"px","size":"","sizes":[]},"pafe_form_style_button_width_mobile_extra":{"unit":"px","size":"","sizes":[]},"pafe_form_style_button_width_mobile":{"unit":"px","size":"","sizes":[]},"pafe_form_style_margin":{"unit":"px","top":"","right":"","bottom":"","left":"","isLinked":true},"pafe_form_style_margin_laptop":{"unit":"px","top":"","right":"","bottom":"","left":"","isLinked":true},"pafe_form_style_margin_tablet":{"unit":"px","top":"","right":"","bottom":"","left":"","isLinked":true},"pafe_form_style_margin_mobile_extra":{"unit":"px","top":"","right":"","bottom":"","left":"","isLinked":true},"pafe_form_style_margin_mobile":{"unit":"px","top":"","right":"","bottom":"","left":"","isLinked":true},"pafe_form_style_button_color_normal":"#fff","pafe_form_style_background_color_normal":"#6EC1E4","pafe_form_style_button_color_hover":"#fff","pafe_form_style_background_color_hover":"#04A5E9","pafe_form_style_button_padding":{"unit":"px","top":"","right":"","bottom":"","left":"","isLinked":true},"pafe_form_style_button_padding_laptop":{"unit":"px","top":"","right":"","bottom":"","left":"","isLinked":true},"pafe_form_style_button_padding_tablet":{"unit":"px","top":"","right":"","bottom":"","left":"","isLinked":true},"pafe_form_style_button_padding_mobile_extra":{"unit":"px","top":"","right":"","bottom":"","left":"","isLinked":true},"pafe_form_style_button_padding_mobile":{"unit":"px","top":"","right":"","bottom":"","left":"","isLinked":true},"pafe_form_style_button_border_border":"","pafe_form_style_button_border_width":{"unit":"px","top":"","right":"","bottom":"","left":"","isLinked":true},"pafe_form_style_button_border_width_laptop":{"unit":"px","top":"","right":"","bottom":"","left":"","isLinked":true},"pafe_form_style_button_border_width_tablet":{"unit":"px","top":"","right":"","bottom":"","left":"","isLinked":true},"pafe_form_style_button_border_width_mobile_extra":{"unit":"px","top":"","right":"","bottom":"","left":"","isLinked":true},"pafe_form_style_button_border_width_mobile":{"unit":"px","top":"","right":"","bottom":"","left":"","isLinked":true},"pafe_form_style_button_border_color":"","pafe_form_style_button_border_radius":{"unit":"px","top":"","right":"","bottom":"","left":"","isLinked":true},"pafe_form_style_button_border_radius_laptop":{"unit":"px","top":"","right":"","bottom":"","left":"","isLinked":true},"pafe_form_style_button_border_radius_tablet":{"unit":"px","top":"","right":"","bottom":"","left":"","isLinked":true},"pafe_form_style_button_border_radius_mobile_extra":{"unit":"px","top":"","right":"","bottom":"","left":"","isLinked":true},"pafe_form_style_button_border_radius_mobile":{"unit":"px","top":"","right":"","bottom":"","left":"","isLinked":true},"_flex_align_self_tablet":"center"},"elements":[],"isInner":false,"widgetType":"image","elType":"widget"},{"id":"5ec5744f","settings":{"editor":"<p>Elit a nibh pretium massa sit nisl. Purus mauris eu risus volutpat iaculis. Eu arcu congue pharetra vel cras. Purus neque senectus tincidunt id congue eget non pellentesque. Tincidunt lectus interdum consectetur ornare massa odio. Scelerisque mollis venenatis aliquam proin sed tempus ut dui molestie. Consectetur commodo magna pretium nunc purus eget. Sed mi fames quis nisi ut. Eu vulputate sagittis risus faucibus auctor mi aliquam. Turpis posuere tortor blandit commodo amet.<\/p>","align":"left","typography_typography":"custom","typography_font_family":"Mulish","typography_font_size":{"unit":"px","size":18,"sizes":[]},"typography_font_size_mobile":{"unit":"px","size":16,"sizes":[]},"typography_font_weight":"500","typography_text_transform":"none","typography_font_style":"normal","typography_text_decoration":"none","typography_line_height":{"unit":"px","size":32,"sizes":[]},"typography_line_height_tablet":{"unit":"px","size":"","sizes":[]},"typography_line_height_mobile":{"unit":"px","size":24,"sizes":[]},"typography_letter_spacing":{"unit":"px","size":0,"sizes":[]},"typography_word_spacing":{"unit":"px","size":0,"sizes":[]},"_margin":{"unit":"px","top":"0","right":"0","bottom":"0","left":"0","isLinked":false},"_padding":{"unit":"px","top":"40","right":"0","bottom":"40","left":"0","isLinked":false},"_padding_tablet":{"unit":"px","top":"20","right":"0","bottom":"20","left":"0","isLinked":false},"__globals__":{"text_color":"globals\/colors?id=977c281"},"align_tablet":"center","_padding_tablet_extra":{"unit":"px","top":"20","right":"0","bottom":"20","left":"0","isLinked":false},"align_mobile_extra":"center"},"elements":[],"isInner":false,"widgetType":"text-editor","elType":"widget"},{"id":"41652389","settings":{"content_width":"full","flex_direction":"row","flex_justify_content":"space-around","flex_justify_content_tablet":"center","flex_align_items":"center","flex_gap_tablet":{"column":"30","row":"30","isLinked":false,"unit":"px","size":30},"flex_gap_mobile":{"column":"20","row":"20","isLinked":true,"unit":"px","size":20},"flex_wrap_tablet":"wrap","background_background":"classic","background_overlay_background":"classic","background_overlay_image":{"url":"http:\/\/localhost\/wakil\/wp-content\/uploads\/2024\/05\/counter_bg_2.png","id":1376,"size":"","alt":"","source":"library"},"background_overlay_position":"center center","background_overlay_attachment":"scroll","background_overlay_repeat":"no-repeat","background_overlay_size":"cover","background_overlay_opacity":{"unit":"px","size":1,"sizes":[]},"margin":{"unit":"px","top":"0","right":"0","bottom":"0","left":"0","isLinked":false},"margin_mobile_extra":{"unit":"px","top":"0","right":"0","bottom":"0","left":"0","isLinked":false},"padding":{"unit":"px","top":"40","right":"40","bottom":"40","left":"40","isLinked":true},"padding_tablet_extra":{"unit":"px","top":"20","right":"20","bottom":"20","left":"20","isLinked":true},"__globals__":{"background_color":"globals\/colors?id=accent"},"flex_gap":{"column":"20","row":"20","isLinked":false,"unit":"px","size":20},"flex_wrap":"wrap","css_classes":"author_list_detail"},"elements":[{"id":"25dc5e68","settings":{"content_width":"full","width_tablet":{"unit":"%","size":25,"sizes":[]},"width_mobile_extra":{"unit":"%","size":25,"sizes":[]},"width_mobile":{"unit":"%","size":45,"sizes":[]},"margin":{"unit":"px","top":"0","right":"0","bottom":"0","left":"0","isLinked":false},"padding":{"unit":"px","top":"0","right":"0","bottom":"0","left":"0","isLinked":false},"width":{"unit":"%","size":14,"sizes":[]},"css_classes":"author_list_box"},"elements":[{"id":"3a23ac49","settings":{"image":{"url":"http:\/\/localhost\/wakil\/wp-content\/uploads\/2024\/05\/user.png","id":1558,"size":"","alt":"","source":"library"},"width":{"unit":"%","size":100,"sizes":[]},"space":{"unit":"px","size":60,"sizes":[]},"space_tablet":{"unit":"px","size":"","sizes":[]},"space_mobile":{"unit":"px","size":"","sizes":[]},"height":{"unit":"custom","size":"auto","sizes":[]},"height_laptop":{"unit":"custom","size":"","sizes":[]},"height_tablet_extra":{"unit":"custom","size":"","sizes":[]},"height_tablet":{"unit":"custom","size":"","sizes":[]},"height_mobile_extra":{"unit":"custom","size":"","sizes":[]},"height_mobile":{"unit":"custom","size":"","sizes":[]},"_margin":{"unit":"px","top":"0","right":"0","bottom":"0","left":"0","isLinked":false},"_padding":{"unit":"px","top":"0","right":"0","bottom":"0","left":"0","isLinked":false}},"elements":[],"isInner":false,"widgetType":"image","elType":"widget"},{"id":"4514e1f1","settings":{"title":"Jason Merrit","header_size":"h3","align":"center","typography_typography":"custom","typography_font_family":"Mulish","typography_font_size":{"unit":"px","size":18,"sizes":[]},"typography_font_weight":"600","typography_text_transform":"none","typography_font_style":"normal","typography_text_decoration":"none","typography_line_height":{"unit":"px","size":24,"sizes":[]},"typography_line_height_tablet":{"unit":"px","size":"","sizes":[]},"typography_line_height_mobile":{"unit":"px","size":"","sizes":[]},"typography_letter_spacing":{"unit":"px","size":0,"sizes":[]},"typography_word_spacing":{"unit":"px","size":0,"sizes":[]},"_margin":{"unit":"px","top":"0","right":"0","bottom":"0","left":"0","isLinked":false},"_padding":{"unit":"px","top":"10","right":"0","bottom":"0","left":"0","isLinked":false}},"elements":[],"isInner":false,"widgetType":"heading","elType":"widget"}],"isInner":true,"elType":"container"},{"id":"302fa013","settings":{"content_width":"full","width_tablet":{"unit":"%","size":25,"sizes":[]},"width_mobile_extra":{"unit":"%","size":25,"sizes":[]},"width_mobile":{"unit":"%","size":45,"sizes":[]},"margin":{"unit":"px","top":"0","right":"0","bottom":"0","left":"0","isLinked":false},"padding":{"unit":"px","top":"0","right":"0","bottom":"0","left":"0","isLinked":false},"width":{"unit":"%","size":16,"sizes":[]},"css_classes":"author_list_box"},"elements":[{"id":"e21ba63","settings":{"image":{"url":"http:\/\/localhost\/wakil\/wp-content\/uploads\/2024\/05\/calender.png","id":1553,"size":"","alt":"","source":"library"},"width":{"unit":"%","size":100,"sizes":[]},"space":{"unit":"px","size":60,"sizes":[]},"space_tablet":{"unit":"px","size":"","sizes":[]},"space_mobile":{"unit":"px","size":"","sizes":[]},"height":{"unit":"custom","size":"auto","sizes":[]},"height_laptop":{"unit":"custom","size":"","sizes":[]},"height_tablet_extra":{"unit":"custom","size":"","sizes":[]},"height_tablet":{"unit":"custom","size":"","sizes":[]},"height_mobile_extra":{"unit":"custom","size":"","sizes":[]},"height_mobile":{"unit":"custom","size":"","sizes":[]},"_margin":{"unit":"px","top":"0","right":"0","bottom":"0","left":"0","isLinked":false},"_padding":{"unit":"px","top":"0","right":"0","bottom":"0","left":"0","isLinked":false}},"elements":[],"isInner":false,"widgetType":"image","elType":"widget"},{"id":"346efda1","settings":{"title":"21 DEC, 2022","header_size":"h3","align":"center","typography_typography":"custom","typography_font_family":"Mulish","typography_font_size":{"unit":"px","size":18,"sizes":[]},"typography_font_weight":"600","typography_text_transform":"none","typography_font_style":"normal","typography_text_decoration":"none","typography_line_height":{"unit":"px","size":24,"sizes":[]},"typography_line_height_tablet":{"unit":"px","size":"","sizes":[]},"typography_line_height_mobile":{"unit":"px","size":"","sizes":[]},"typography_letter_spacing":{"unit":"px","size":0,"sizes":[]},"typography_word_spacing":{"unit":"px","size":0,"sizes":[]},"_margin":{"unit":"px","top":"0","right":"0","bottom":"0","left":"0","isLinked":false},"_padding":{"unit":"px","top":"10","right":"0","bottom":"0","left":"0","isLinked":false}},"elements":[],"isInner":false,"widgetType":"heading","elType":"widget"}],"isInner":true,"elType":"container"},{"id":"635b395e","settings":{"content_width":"full","width_tablet":{"unit":"%","size":25,"sizes":[]},"width_mobile_extra":{"unit":"%","size":"","sizes":[]},"width_mobile":{"unit":"%","size":45,"sizes":[]},"margin":{"unit":"px","top":"0","right":"0","bottom":"0","left":"0","isLinked":false},"padding":{"unit":"px","top":"0","right":"0","bottom":"0","left":"0","isLinked":false},"width":{"unit":"%","size":14,"sizes":[]},"css_classes":"author_list_box"},"elements":[{"id":"2e589d60","settings":{"image":{"url":"http:\/\/localhost\/wakil\/wp-content\/uploads\/2024\/05\/category.png","id":1554,"size":"","alt":"","source":"library"},"width":{"unit":"%","size":100,"sizes":[]},"space":{"unit":"px","size":60,"sizes":[]},"space_tablet":{"unit":"px","size":"","sizes":[]},"space_mobile":{"unit":"px","size":"","sizes":[]},"height":{"unit":"custom","size":"auto","sizes":[]},"height_laptop":{"unit":"custom","size":"","sizes":[]},"height_tablet_extra":{"unit":"custom","size":"","sizes":[]},"height_tablet":{"unit":"custom","size":"","sizes":[]},"height_mobile_extra":{"unit":"custom","size":"","sizes":[]},"height_mobile":{"unit":"custom","size":"","sizes":[]},"_margin":{"unit":"px","top":"0","right":"0","bottom":"0","left":"0","isLinked":false},"_padding":{"unit":"px","top":"0","right":"0","bottom":"0","left":"0","isLinked":false}},"elements":[],"isInner":false,"widgetType":"image","elType":"widget"},{"id":"245fff4a","settings":{"title":"Family","header_size":"h3","align":"center","typography_typography":"custom","typography_font_family":"Mulish","typography_font_size":{"unit":"px","size":18,"sizes":[]},"typography_font_weight":"600","typography_text_transform":"none","typography_font_style":"normal","typography_text_decoration":"none","typography_line_height":{"unit":"px","size":24,"sizes":[]},"typography_line_height_tablet":{"unit":"px","size":"","sizes":[]},"typography_line_height_mobile":{"unit":"px","size":"","sizes":[]},"typography_letter_spacing":{"unit":"px","size":0,"sizes":[]},"typography_word_spacing":{"unit":"px","size":0,"sizes":[]},"_margin":{"unit":"px","top":"0","right":"0","bottom":"0","left":"0","isLinked":false},"_padding":{"unit":"px","top":"10","right":"0","bottom":"0","left":"0","isLinked":false}},"elements":[],"isInner":false,"widgetType":"heading","elType":"widget"}],"isInner":true,"elType":"container"},{"id":"32c4f02","settings":{"content_width":"full","width_tablet":{"unit":"%","size":25,"sizes":[]},"width_mobile_extra":{"unit":"%","size":"","sizes":[]},"width_mobile":{"unit":"%","size":45,"sizes":[]},"margin":{"unit":"px","top":"0","right":"0","bottom":"0","left":"0","isLinked":false},"padding":{"unit":"px","top":"0","right":"0","bottom":"0","left":"0","isLinked":false},"width":{"unit":"%","size":14,"sizes":[]},"css_classes":"author_list_box"},"elements":[{"id":"ea59674","settings":{"image":{"url":"http:\/\/localhost\/wakil\/wp-content\/uploads\/2024\/05\/time.png","id":1556,"size":"","alt":"","source":"library"},"width":{"unit":"%","size":100,"sizes":[]},"space":{"unit":"px","size":60,"sizes":[]},"space_tablet":{"unit":"px","size":"","sizes":[]},"space_mobile":{"unit":"px","size":"","sizes":[]},"height":{"unit":"custom","size":"auto","sizes":[]},"height_laptop":{"unit":"custom","size":"","sizes":[]},"height_tablet_extra":{"unit":"custom","size":"","sizes":[]},"height_tablet":{"unit":"custom","size":"","sizes":[]},"height_mobile_extra":{"unit":"custom","size":"","sizes":[]},"height_mobile":{"unit":"custom","size":"","sizes":[]},"_margin":{"unit":"px","top":"0","right":"0","bottom":"0","left":"0","isLinked":false},"_padding":{"unit":"px","top":"0","right":"0","bottom":"0","left":"0","isLinked":false}},"elements":[],"isInner":false,"widgetType":"image","elType":"widget"},{"id":"620111d1","settings":{"title":"3 Week","header_size":"h3","align":"center","typography_typography":"custom","typography_font_family":"Mulish","typography_font_size":{"unit":"px","size":18,"sizes":[]},"typography_font_weight":"600","typography_text_transform":"none","typography_font_style":"normal","typography_text_decoration":"none","typography_line_height":{"unit":"px","size":24,"sizes":[]},"typography_line_height_tablet":{"unit":"px","size":"","sizes":[]},"typography_line_height_mobile":{"unit":"px","size":"","sizes":[]},"typography_letter_spacing":{"unit":"px","size":0,"sizes":[]},"typography_word_spacing":{"unit":"px","size":0,"sizes":[]},"_margin":{"unit":"px","top":"0","right":"0","bottom":"0","left":"0","isLinked":false},"_padding":{"unit":"px","top":"10","right":"0","bottom":"0","left":"0","isLinked":false}},"elements":[],"isInner":false,"widgetType":"heading","elType":"widget"}],"isInner":true,"elType":"container"},{"id":"3da9af7b","settings":{"content_width":"full","width_tablet":{"unit":"%","size":25,"sizes":[]},"width_mobile_extra":{"unit":"%","size":"","sizes":[]},"width_mobile":{"unit":"%","size":45,"sizes":[]},"margin":{"unit":"px","top":"0","right":"0","bottom":"0","left":"0","isLinked":false},"padding":{"unit":"px","top":"0","right":"0","bottom":"0","left":"0","isLinked":false},"width":{"unit":"%","size":14,"sizes":[]},"css_classes":"author_list_box"},"elements":[{"id":"14a58daa","settings":{"image":{"url":"http:\/\/localhost\/wakil\/wp-content\/uploads\/2024\/05\/trophy.png","id":1557,"size":"","alt":"","source":"library"},"width":{"unit":"%","size":100,"sizes":[]},"space":{"unit":"px","size":60,"sizes":[]},"space_tablet":{"unit":"px","size":"","sizes":[]},"space_mobile":{"unit":"px","size":"","sizes":[]},"height":{"unit":"custom","size":"auto","sizes":[]},"height_laptop":{"unit":"custom","size":"","sizes":[]},"height_tablet_extra":{"unit":"custom","size":"","sizes":[]},"height_tablet":{"unit":"custom","size":"","sizes":[]},"height_mobile_extra":{"unit":"custom","size":"","sizes":[]},"height_mobile":{"unit":"custom","size":"","sizes":[]},"_margin":{"unit":"px","top":"0","right":"0","bottom":"0","left":"0","isLinked":false},"_padding":{"unit":"px","top":"0","right":"0","bottom":"0","left":"0","isLinked":false}},"elements":[],"isInner":false,"widgetType":"image","elType":"widget"},{"id":"158c29e9","settings":{"title":"Win","header_size":"h3","align":"center","typography_typography":"custom","typography_font_family":"Mulish","typography_font_size":{"unit":"px","size":18,"sizes":[]},"typography_font_weight":"600","typography_text_transform":"none","typography_font_style":"normal","typography_text_decoration":"none","typography_line_height":{"unit":"px","size":24,"sizes":[]},"typography_line_height_tablet":{"unit":"px","size":"","sizes":[]},"typography_line_height_mobile":{"unit":"px","size":"","sizes":[]},"typography_letter_spacing":{"unit":"px","size":0,"sizes":[]},"typography_word_spacing":{"unit":"px","size":0,"sizes":[]},"_margin":{"unit":"px","top":"0","right":"0","bottom":"0","left":"0","isLinked":false},"_padding":{"unit":"px","top":"10","right":"0","bottom":"0","left":"0","isLinked":false}},"elements":[],"isInner":false,"widgetType":"heading","elType":"widget"}],"isInner":true,"elType":"container"},{"id":"708619af","settings":{"content_width":"full","width_tablet":{"unit":"%","size":25,"sizes":[]},"width_mobile_extra":{"unit":"%","size":"","sizes":[]},"width_mobile":{"unit":"%","size":45,"sizes":[]},"margin":{"unit":"px","top":"0","right":"0","bottom":"0","left":"0","isLinked":false},"padding":{"unit":"px","top":"0","right":"0","bottom":"0","left":"0","isLinked":false},"width":{"unit":"%","size":14,"sizes":[]},"css_classes":"author_list_box"},"elements":[{"id":"1656034f","settings":{"image":{"url":"http:\/\/localhost\/wakil\/wp-content\/uploads\/2024\/05\/location.png","id":1555,"size":"","alt":"","source":"library"},"width":{"unit":"%","size":100,"sizes":[]},"space":{"unit":"px","size":60,"sizes":[]},"space_tablet":{"unit":"px","size":"","sizes":[]},"space_mobile":{"unit":"px","size":"","sizes":[]},"height":{"unit":"custom","size":"auto","sizes":[]},"height_laptop":{"unit":"custom","size":"","sizes":[]},"height_tablet_extra":{"unit":"custom","size":"","sizes":[]},"height_tablet":{"unit":"custom","size":"","sizes":[]},"height_mobile_extra":{"unit":"custom","size":"","sizes":[]},"height_mobile":{"unit":"custom","size":"","sizes":[]},"_margin":{"unit":"px","top":"0","right":"0","bottom":"0","left":"0","isLinked":false},"_padding":{"unit":"px","top":"0","right":"0","bottom":"0","left":"0","isLinked":false}},"elements":[],"isInner":false,"widgetType":"image","elType":"widget"},{"id":"43b27d4f","settings":{"title":"New York","header_size":"h3","align":"center","typography_typography":"custom","typography_font_family":"Mulish","typography_font_size":{"unit":"px","size":18,"sizes":[]},"typography_font_weight":"600","typography_text_transform":"none","typography_font_style":"normal","typography_text_decoration":"none","typography_line_height":{"unit":"px","size":24,"sizes":[]},"typography_line_height_tablet":{"unit":"px","size":"","sizes":[]},"typography_line_height_mobile":{"unit":"px","size":"","sizes":[]},"typography_letter_spacing":{"unit":"px","size":0,"sizes":[]},"typography_word_spacing":{"unit":"px","size":0,"sizes":[]},"_margin":{"unit":"px","top":"0","right":"0","bottom":"0","left":"0","isLinked":false},"_padding":{"unit":"px","top":"10","right":"0","bottom":"0","left":"0","isLinked":false}},"elements":[],"isInner":false,"widgetType":"heading","elType":"widget"}],"isInner":true,"elType":"container"}],"isInner":true,"elType":"container"},{"id":"165530aa","settings":{"title":"To assist our clients in achieving their loftiest objectives, we assemble world-class talent with extensive industry expertise.","align":"left","typography_typography":"custom","typography_font_family":"Marcellus","typography_font_size":{"unit":"px","size":36,"sizes":[]},"typography_font_size_tablet":{"unit":"px","size":30,"sizes":[]},"typography_font_size_mobile":{"unit":"px","size":28,"sizes":[]},"typography_font_weight":"400","typography_text_transform":"none","typography_font_style":"normal","typography_text_decoration":"none","typography_line_height":{"unit":"custom","size":"normal","sizes":[]},"typography_letter_spacing":{"unit":"px","size":0,"sizes":[]},"typography_word_spacing":{"unit":"px","size":0,"sizes":[]},"_margin":{"unit":"px","top":"0","right":"0","bottom":"0","left":"0","isLinked":false},"_padding":{"unit":"px","top":"40","right":"0","bottom":"40","left":"0","isLinked":false},"_padding_tablet":{"unit":"px","top":"20","right":"0","bottom":"20","left":"0","isLinked":false},"__globals__":{"title_color":"globals\/colors?id=accent"},"align_mobile":"center"},"elements":[],"isInner":false,"widgetType":"heading","elType":"widget"},{"id":"55703d5c","settings":{"editor":"<p>Sed risus dui scelerisque tincidunt blandit etiam adipiscing senectus leo. Tortor est tincidunt viverra vitae. Eget quis sed gravida cursus commodo est at nisi. Consequat lorem volutpat et vulputate viverra turpis eros massa. Fermentum sed enim justo tempus malesuada tristique pellentesque.<\/p>","align":"left","typography_typography":"custom","typography_font_family":"Mulish","typography_font_size":{"unit":"px","size":18,"sizes":[]},"typography_font_size_mobile":{"unit":"px","size":16,"sizes":[]},"typography_font_weight":"500","typography_text_transform":"none","typography_font_style":"normal","typography_text_decoration":"none","typography_line_height":{"unit":"px","size":32,"sizes":[]},"typography_line_height_tablet":{"unit":"px","size":"","sizes":[]},"typography_line_height_mobile":{"unit":"px","size":24,"sizes":[]},"typography_letter_spacing":{"unit":"px","size":0,"sizes":[]},"typography_word_spacing":{"unit":"px","size":0,"sizes":[]},"_margin":{"unit":"px","top":"0","right":"0","bottom":"0","left":"0","isLinked":false},"_padding":{"unit":"px","top":"0","right":"0","bottom":"10","left":"0","isLinked":false},"_padding_tablet":{"unit":"px","top":"0","right":"0","bottom":"0","left":"0","isLinked":false},"__globals__":{"text_color":"globals\/colors?id=977c281"},"align_tablet":"left","align_mobile_extra":"left","align_mobile":"center"},"elements":[],"isInner":false,"widgetType":"text-editor","elType":"widget"},{"id":"623aba1d","settings":{"editor":"<p>Aliquet lectus sollicitudin sed eu pellentesque. Luctus mattis volutpat in luctus purus lobortis leo tempus. Etiam sit nam neque platea donec molestie orci odio. Scelerisque eget gravida sit interdum consequat nisl massa. Sed rutrum eget elit congue sit pellentesque auctor.<\/p>","align":"left","typography_typography":"custom","typography_font_family":"Mulish","typography_font_size":{"unit":"px","size":18,"sizes":[]},"typography_font_size_mobile":{"unit":"px","size":16,"sizes":[]},"typography_font_weight":"500","typography_text_transform":"none","typography_font_style":"normal","typography_text_decoration":"none","typography_line_height":{"unit":"px","size":32,"sizes":[]},"typography_line_height_tablet":{"unit":"px","size":"","sizes":[]},"typography_line_height_mobile":{"unit":"px","size":24,"sizes":[]},"typography_letter_spacing":{"unit":"px","size":0,"sizes":[]},"typography_word_spacing":{"unit":"px","size":0,"sizes":[]},"_margin":{"unit":"px","top":"0","right":"0","bottom":"0","left":"0","isLinked":false},"_padding":{"unit":"px","top":"0","right":"0","bottom":"0","left":"0","isLinked":true},"_padding_tablet":{"unit":"px","top":"0","right":"0","bottom":"0","left":"0","isLinked":false},"__globals__":{"text_color":"globals\/colors?id=977c281"},"align_tablet":"left","align_mobile_extra":"left","align_mobile":"center"},"elements":[],"isInner":false,"widgetType":"text-editor","elType":"widget"},{"id":"2588648a","settings":{"content_width":"full","flex_direction":"row","flex_direction_tablet":"column","flex_justify_content_tablet":"space-between","flex_gap":{"column":"30","row":"30","isLinked":false,"unit":"px","size":30},"flex_gap_tablet":{"column":"30","row":"20","isLinked":false,"unit":"px","size":30},"margin":{"unit":"px","top":"0","right":"0","bottom":"0","left":"0","isLinked":false},"padding":{"unit":"px","top":"40","right":"0","bottom":"40","left":"0","isLinked":false},"padding_mobile":{"unit":"px","top":"20","right":"0","bottom":"20","left":"0","isLinked":false},"_flex_align_self":"center"},"elements":[{"id":"1be5525a","settings":{"content_width":"full","width":{"unit":"%","size":50,"sizes":[]},"width_laptop":{"unit":"%","size":"","sizes":[]},"width_tablet_extra":{"unit":"%","size":"","sizes":[]},"width_tablet":{"unit":"%","size":100,"sizes":[]},"width_mobile_extra":{"unit":"%","size":"","sizes":[]},"width_mobile":{"unit":"%","size":"","sizes":[]},"margin":{"unit":"px","top":"0","right":"0","bottom":"0","left":"0","isLinked":false},"padding":{"unit":"px","top":"0","right":"0","bottom":"0","left":"0","isLinked":false}},"elements":[{"id":"7a7e8bb7","settings":{"title":"The Challenge","align_tablet":"left","typography_typography":"custom","typography_font_family":"Marcellus","typography_font_size":{"unit":"px","size":36,"sizes":[]},"typography_font_size_tablet_extra":{"unit":"px","size":32,"sizes":[]},"typography_font_size_mobile_extra":{"unit":"px","size":30,"sizes":[]},"typography_font_weight":"400","typography_text_transform":"none","typography_font_style":"normal","typography_text_decoration":"none","typography_line_height":{"unit":"custom","size":"normal","sizes":[]},"typography_letter_spacing":{"unit":"px","size":0,"sizes":[]},"typography_word_spacing":{"unit":"px","size":0,"sizes":[]},"_margin":{"unit":"px","top":"0","right":"0","bottom":"0","left":"0","isLinked":false},"_padding":{"unit":"px","top":"0","right":"0","bottom":"0","left":"0","isLinked":false},"__globals__":{"title_color":"globals\/colors?id=accent"},"align_mobile":"center"},"elements":[],"isInner":false,"widgetType":"heading","elType":"widget"},{"id":"5ad9fd3f","settings":{"editor":"<p>Quis condimentum sollicitudin sed nunc orci purus ultrices justo sem. Nisi porttitor libero sed et. Pulvinar malesuada sollicitudin enim tempus aenean facilisis lorem. Senectus at proin eu velit amet dignissim adipiscing dolor.<\/p>","align":"left","typography_typography":"custom","typography_font_family":"Mulish","typography_font_size":{"unit":"px","size":18,"sizes":[]},"typography_font_size_mobile":{"unit":"px","size":16,"sizes":[]},"typography_font_weight":"500","typography_text_transform":"none","typography_font_style":"normal","typography_text_decoration":"none","typography_line_height":{"unit":"px","size":32,"sizes":[]},"typography_line_height_tablet":{"unit":"px","size":"","sizes":[]},"typography_line_height_mobile":{"unit":"px","size":24,"sizes":[]},"typography_letter_spacing":{"unit":"px","size":0,"sizes":[]},"typography_word_spacing":{"unit":"px","size":0,"sizes":[]},"_margin":{"unit":"px","top":"0","right":"0","bottom":"0","left":"0","isLinked":false},"_padding":{"unit":"px","top":"20","right":"0","bottom":"20","left":"0","isLinked":false},"_padding_tablet":{"unit":"px","top":"15","right":"0","bottom":"15","left":"0","isLinked":false},"__globals__":{"text_color":"globals\/colors?id=977c281"},"align_tablet":"left","align_mobile":"center"},"elements":[],"isInner":false,"widgetType":"text-editor","elType":"widget"},{"id":"247a0fa5","settings":{"icon_list":[{"text":"Tempus netus et id nibh habitant sit","selected_icon":{"value":"fas fa-plus","library":"fa-solid"},"_id":"e9a353d"},{"text":"Sed mauris tincidunt eu suspendisse","selected_icon":{"value":"fas fa-plus","library":"fa-solid"},"_id":"ac0cecc"},{"text":"Est auctor lorem at lectus amet ipsum","selected_icon":{"value":"fas fa-plus","library":"fa-solid"},"_id":"eda81a5"},{"text":"Nulla tempor elit in consectetur","selected_icon":{"value":"fas fa-plus","library":"fa-solid"},"_id":"f733a18"}],"space_between":{"unit":"px","size":15,"sizes":[]},"icon_align":"left","icon_size":{"unit":"px","size":15,"sizes":[]},"text_indent":{"unit":"px","size":0,"sizes":[]},"icon_self_align":"left","icon_self_vertical_align":"center","icon_self_vertical_align_tablet":"center","icon_typography_typography":"custom","icon_typography_font_family":"Mulish","icon_typography_font_size":{"unit":"px","size":18,"sizes":[]},"icon_typography_font_size_tablet":{"unit":"px","size":15,"sizes":[]},"icon_typography_font_weight":"500","icon_typography_text_transform":"none","icon_typography_font_style":"normal","icon_typography_text_decoration":"none","icon_typography_line_height":{"unit":"px","size":24,"sizes":[]},"icon_typography_line_height_tablet":{"unit":"px","size":"","sizes":[]},"icon_typography_line_height_mobile":{"unit":"px","size":"","sizes":[]},"icon_typography_letter_spacing":{"unit":"px","size":0,"sizes":[]},"icon_typography_word_spacing":{"unit":"px","size":0,"sizes":[]},"_margin":{"unit":"px","top":"0","right":"0","bottom":"0","left":"0","isLinked":false},"_padding":{"unit":"px","top":"0","right":"0","bottom":"40","left":"0","isLinked":false},"_element_width":"inherit","_element_width_mobile_extra":"inherit","_element_custom_width":{"unit":"%","size":50,"sizes":[]},"__globals__":{"text_color":"globals\/colors?id=accent"},"_padding_mobile":{"unit":"px","top":"0","right":"0","bottom":"20","left":"0","isLinked":false}},"elements":[],"isInner":false,"widgetType":"icon-list","elType":"widget"},{"id":"57c169fe","settings":{"title":"The Solution:","align_tablet":"left","typography_typography":"custom","typography_font_family":"Marcellus","typography_font_size":{"unit":"px","size":36,"sizes":[]},"typography_font_size_tablet_extra":{"unit":"px","size":32,"sizes":[]},"typography_font_size_mobile_extra":{"unit":"px","size":30,"sizes":[]},"typography_font_weight":"400","typography_text_transform":"none","typography_font_style":"normal","typography_text_decoration":"none","typography_line_height":{"unit":"custom","size":"normal","sizes":[]},"typography_letter_spacing":{"unit":"px","size":0,"sizes":[]},"typography_word_spacing":{"unit":"px","size":0,"sizes":[]},"_margin":{"unit":"px","top":"0","right":"0","bottom":"0","left":"0","isLinked":false},"_padding":{"unit":"px","top":"0","right":"0","bottom":"0","left":"0","isLinked":false},"__globals__":{"title_color":"globals\/colors?id=accent"},"align_mobile":"center"},"elements":[],"isInner":false,"widgetType":"heading","elType":"widget"},{"id":"61f72671","settings":{"editor":"<p>Cras a vel ipsum sem semper tortor et. Ullamcorper magna proin mi risus morbi tristique senectus volutpat. Cursus nulla posuere libero leo quam faucibus eleifend urna bibendum. Amet arcu mi eget feugiat odio at tortor libero.<\/p>","align":"left","typography_typography":"custom","typography_font_family":"Mulish","typography_font_size":{"unit":"px","size":18,"sizes":[]},"typography_font_size_mobile":{"unit":"px","size":16,"sizes":[]},"typography_font_weight":"500","typography_text_transform":"none","typography_font_style":"normal","typography_text_decoration":"none","typography_line_height":{"unit":"px","size":32,"sizes":[]},"typography_line_height_tablet":{"unit":"px","size":"","sizes":[]},"typography_line_height_mobile":{"unit":"px","size":24,"sizes":[]},"typography_letter_spacing":{"unit":"px","size":0,"sizes":[]},"typography_word_spacing":{"unit":"px","size":0,"sizes":[]},"_margin":{"unit":"px","top":"0","right":"0","bottom":"0","left":"0","isLinked":false},"_padding":{"unit":"px","top":"20","right":"0","bottom":"20","left":"0","isLinked":false},"_padding_tablet":{"unit":"px","top":"15","right":"0","bottom":"15","left":"0","isLinked":false},"__globals__":{"text_color":"globals\/colors?id=977c281"},"align_mobile":"center"},"elements":[],"isInner":false,"widgetType":"text-editor","elType":"widget"},{"id":"1100937","settings":{"icon_list":[{"text":"Consequat nisl iaculis leo pharetra","selected_icon":{"value":"fas fa-plus","library":"fa-solid"},"_id":"e9a353d"},{"text":"Quisque dui id vulputate pulvinar","selected_icon":{"value":"fas fa-plus","library":"fa-solid"},"_id":"ac0cecc"},{"text":"Ac est suspendisse egestas tristique","selected_icon":{"value":"fas fa-plus","library":"fa-solid"},"_id":"eda81a5"},{"text":"Nibh eget ornare sagittis tellus ut","selected_icon":{"value":"fas fa-plus","library":"fa-solid"},"_id":"f733a18"}],"space_between":{"unit":"px","size":15,"sizes":[]},"icon_align":"left","icon_size":{"unit":"px","size":15,"sizes":[]},"text_indent":{"unit":"px","size":0,"sizes":[]},"icon_self_align":"left","icon_self_vertical_align":"center","icon_self_vertical_align_tablet":"center","icon_typography_typography":"custom","icon_typography_font_family":"Mulish","icon_typography_font_size":{"unit":"px","size":18,"sizes":[]},"icon_typography_font_size_tablet":{"unit":"px","size":15,"sizes":[]},"icon_typography_font_weight":"500","icon_typography_text_transform":"none","icon_typography_font_style":"normal","icon_typography_text_decoration":"none","icon_typography_line_height":{"unit":"px","size":24,"sizes":[]},"icon_typography_line_height_tablet":{"unit":"px","size":"","sizes":[]},"icon_typography_line_height_mobile":{"unit":"px","size":"","sizes":[]},"icon_typography_letter_spacing":{"unit":"px","size":0,"sizes":[]},"icon_typography_word_spacing":{"unit":"px","size":0,"sizes":[]},"_margin":{"unit":"px","top":"0","right":"0","bottom":"0","left":"0","isLinked":false},"_padding":{"unit":"px","top":"0","right":"0","bottom":"0","left":"0","isLinked":false},"_element_width_mobile_extra":"inherit","_element_custom_width":{"unit":"%","size":50,"sizes":[]},"__globals__":{"text_color":"globals\/colors?id=accent"}},"elements":[],"isInner":false,"widgetType":"icon-list","elType":"widget"}],"isInner":true,"elType":"container"},{"id":"491e366","settings":{"content_width":"full","width":{"unit":"%","size":50,"sizes":[]},"width_laptop":{"unit":"%","size":"","sizes":[]},"width_tablet_extra":{"unit":"%","size":"","sizes":[]},"width_tablet":{"unit":"%","size":100,"sizes":[]},"width_mobile_extra":{"unit":"%","size":"","sizes":[]},"width_mobile":{"unit":"%","size":"","sizes":[]},"flex_direction":"column","flex_justify_content":"space-between","flex_justify_content_tablet_extra":"flex-start","flex_gap":{"column":"0","row":"40","isLinked":false,"unit":"px","size":0},"flex_gap_tablet_extra":{"column":"0","row":"20","isLinked":false,"unit":"px","size":0},"margin":{"unit":"px","top":"0","right":"0","bottom":"0","left":"0","isLinked":false},"padding":{"unit":"px","top":"0","right":"0","bottom":"0","left":"0","isLinked":false}},"elements":[{"id":"1a635f0e","settings":{"image":{"url":"http:\/\/localhost\/wakil\/wp-content\/uploads\/2024\/05\/case_chalenge_4.png","id":1843,"size":"","alt":"","source":"library"},"width":{"unit":"px","size":370,"sizes":[]},"width_tablet":{"unit":"%","size":100,"sizes":[]},"width_mobile_extra":{"unit":"%","size":"","sizes":[]},"width_mobile":{"unit":"px","size":"","sizes":[]},"space":{"unit":"%","size":100,"sizes":[]},"height":{"unit":"custom","size":"auto","sizes":[]},"height_laptop":{"unit":"%","size":"","sizes":[]},"height_tablet_extra":{"unit":"%","size":"","sizes":[]},"height_tablet":{"unit":"%","size":"","sizes":[]},"height_mobile_extra":{"unit":"%","size":"","sizes":[]},"height_mobile":{"unit":"%","size":"","sizes":[]}},"elements":[],"isInner":false,"widgetType":"image","elType":"widget"},{"id":"5a5a308a","settings":{"image":{"url":"http:\/\/localhost\/wakil\/wp-content\/uploads\/2024\/05\/case_chalenge_5.png","id":1844,"size":"","alt":"","source":"library"},"width":{"unit":"px","size":370,"sizes":[]},"width_tablet":{"unit":"%","size":100,"sizes":[]},"width_mobile_extra":{"unit":"%","size":"","sizes":[]},"width_mobile":{"unit":"px","size":"","sizes":[]},"space":{"unit":"%","size":100,"sizes":[]},"height":{"unit":"custom","size":"auto","sizes":[]},"height_laptop":{"unit":"%","size":"","sizes":[]},"height_tablet_extra":{"unit":"%","size":"","sizes":[]},"height_tablet":{"unit":"%","size":"","sizes":[]},"height_mobile_extra":{"unit":"%","size":"","sizes":[]},"height_mobile":{"unit":"%","size":"","sizes":[]}},"elements":[],"isInner":false,"widgetType":"image","elType":"widget"}],"isInner":true,"elType":"container"}],"isInner":true,"elType":"container"},{"id":"679cc534","settings":{"title":"The Result:","align_tablet":"center","typography_typography":"custom","typography_font_family":"Marcellus","typography_font_size":{"unit":"px","size":36,"sizes":[]},"typography_font_size_tablet_extra":{"unit":"px","size":32,"sizes":[]},"typography_font_size_mobile_extra":{"unit":"px","size":30,"sizes":[]},"typography_font_weight":"400","typography_text_transform":"none","typography_font_style":"normal","typography_text_decoration":"none","typography_line_height":{"unit":"custom","size":"normal","sizes":[]},"typography_letter_spacing":{"unit":"px","size":0,"sizes":[]},"typography_word_spacing":{"unit":"px","size":0,"sizes":[]},"_margin":{"unit":"px","top":"0","right":"0","bottom":"0","left":"0","isLinked":false},"_padding":{"unit":"px","top":"0","right":"0","bottom":"0","left":"0","isLinked":false},"__globals__":{"title_color":"globals\/colors?id=accent"}},"elements":[],"isInner":false,"widgetType":"heading","elType":"widget"},{"id":"1d37a48","settings":{"editor":"<p>Facilisis nec malesuada enim viverra cras. Auctor dignissim tellus vestibulum vitae hac amet. Suspendisse sit feugiat in pulvinar bibendum arcu nunc id. Duis hac nisl dui facilisi placerat at mauris elit scelerisque. Turpis ornare auctor amet vestibulum in magna aliquet ultricies netus. Adipiscing lobortis a interdum morbi etiam non. Elit sed magna risus tempor non quis. Nec pulvinar scelerisque in faucibus.<\/p>","align":"left","typography_typography":"custom","typography_font_family":"Mulish","typography_font_size":{"unit":"px","size":18,"sizes":[]},"typography_font_size_mobile":{"unit":"px","size":16,"sizes":[]},"typography_font_weight":"500","typography_text_transform":"none","typography_font_style":"normal","typography_text_decoration":"none","typography_line_height":{"unit":"px","size":32,"sizes":[]},"typography_line_height_tablet":{"unit":"px","size":"","sizes":[]},"typography_line_height_mobile":{"unit":"px","size":24,"sizes":[]},"typography_letter_spacing":{"unit":"px","size":0,"sizes":[]},"typography_word_spacing":{"unit":"px","size":0,"sizes":[]},"_margin":{"unit":"px","top":"0","right":"0","bottom":"0","left":"0","isLinked":false},"_padding":{"unit":"px","top":"20","right":"0","bottom":"0","left":"0","isLinked":false},"_padding_tablet":{"unit":"px","top":"0","right":"0","bottom":"0","left":"0","isLinked":false},"__globals__":{"text_color":"globals\/colors?id=977c281"},"align_tablet":"center"},"elements":[],"isInner":false,"widgetType":"text-editor","elType":"widget"},{"id":"5c871af0","settings":{"content_width":"full","flex_direction":"row","flex_justify_content":"center","flex_gap":{"column":"30","row":"30","isLinked":false,"unit":"px","size":30},"flex_gap_tablet_extra":{"column":"15","row":"15","isLinked":false,"unit":"px","size":15},"flex_wrap_tablet_extra":"wrap","margin":{"unit":"px","top":"0","right":"0","bottom":"0","left":"0","isLinked":false},"padding":{"unit":"px","top":"60","right":"0","bottom":"0","left":"0","isLinked":false},"padding_tablet_extra":{"unit":"px","top":"40","right":"0","bottom":"0","left":"0","isLinked":false}},"elements":[{"id":"181ac6d3","settings":{"selected_icon":{"value":"fab fa-facebook-f","library":"fa-brands"},"view":"framed","shape":"square","primary_color":"#FFFFFF","secondary_color":"#3B5998","size":{"unit":"px","size":22,"sizes":[]},"icon_padding":{"unit":"px","size":0,"sizes":[]},"border_width":{"unit":"px","top":"0","right":"0","bottom":"0","left":"0","isLinked":false},"border_radius":{"unit":"px","top":"0","right":"0","bottom":"0","left":"0","isLinked":false},"_margin":{"unit":"px","top":"0","right":"0","bottom":"0","left":"0","isLinked":false},"_padding":{"unit":"px","top":"20","right":"20","bottom":"20","left":"20","isLinked":true},"_element_width":"initial","_element_custom_width":{"unit":"px","size":170,"sizes":[]},"_element_custom_width_mobile_extra":{"unit":"px","size":130,"sizes":[]},"_flex_align_self":"center","_background_background":"classic","_background_color":"#3B5998","__globals__":{"primary_color":"globals\/colors?id=text","secondary_color":""},"link":{"url":"https:\/\/www.facebook.com\/","is_external":"on","nofollow":"","custom_attributes":""}},"elements":[],"isInner":false,"widgetType":"icon","elType":"widget"},{"id":"2beff5c","settings":{"selected_icon":{"value":"fab fa-twitter","library":"fa-brands"},"view":"framed","shape":"square","primary_color":"#FFFFFF","size":{"unit":"px","size":22,"sizes":[]},"icon_padding":{"unit":"px","size":0,"sizes":[]},"border_width":{"unit":"px","top":"0","right":"0","bottom":"0","left":"0","isLinked":false},"border_radius":{"unit":"px","top":"0","right":"0","bottom":"0","left":"0","isLinked":false},"_margin":{"unit":"px","top":"0","right":"0","bottom":"0","left":"0","isLinked":false},"_padding":{"unit":"px","top":"20","right":"20","bottom":"20","left":"20","isLinked":true},"_element_width":"initial","_element_custom_width":{"unit":"px","size":170,"sizes":[]},"_element_custom_width_mobile_extra":{"unit":"px","size":130,"sizes":[]},"_flex_align_self":"center","_background_background":"classic","_background_color":"#1DA1F2","__globals__":{"primary_color":"globals\/colors?id=text","secondary_color":""},"link":{"url":"https:\/\/twitter.com\/","is_external":"on","nofollow":"","custom_attributes":""}},"elements":[],"isInner":false,"widgetType":"icon","elType":"widget"},{"id":"7d3973de","settings":{"selected_icon":{"value":"fab fa-whatsapp","library":"fa-brands"},"view":"framed","shape":"square","primary_color":"#FFFFFF","size":{"unit":"px","size":22,"sizes":[]},"icon_padding":{"unit":"px","size":0,"sizes":[]},"border_width":{"unit":"px","top":"0","right":"0","bottom":"0","left":"0","isLinked":false},"border_radius":{"unit":"px","top":"0","right":"0","bottom":"0","left":"0","isLinked":false},"_margin":{"unit":"px","top":"0","right":"0","bottom":"0","left":"0","isLinked":false},"_padding":{"unit":"px","top":"20","right":"20","bottom":"20","left":"20","isLinked":true},"_element_width":"initial","_element_custom_width":{"unit":"px","size":170,"sizes":[]},"_element_custom_width_mobile_extra":{"unit":"px","size":130,"sizes":[]},"_flex_align_self":"center","_background_background":"classic","_background_color":"#25D366","__globals__":{"primary_color":"globals\/colors?id=text","secondary_color":""},"link":{"url":"https:\/\/web.whatsapp.com\/","is_external":"on","nofollow":"","custom_attributes":""}},"elements":[],"isInner":false,"widgetType":"icon","elType":"widget"},{"id":"1a2cc105","settings":{"selected_icon":{"value":"fab fa-linkedin-in","library":"fa-brands"},"view":"framed","shape":"square","primary_color":"#FFFFFF","size":{"unit":"px","size":22,"sizes":[]},"icon_padding":{"unit":"px","size":0,"sizes":[]},"border_width":{"unit":"px","top":"0","right":"0","bottom":"0","left":"0","isLinked":false},"border_radius":{"unit":"px","top":"0","right":"0","bottom":"0","left":"0","isLinked":false},"_margin":{"unit":"px","top":"0","right":"0","bottom":"0","left":"0","isLinked":false},"_padding":{"unit":"px","top":"20","right":"20","bottom":"20","left":"20","isLinked":true},"_element_width":"initial","_element_custom_width":{"unit":"px","size":170,"sizes":[]},"_element_custom_width_mobile_extra":{"unit":"px","size":130,"sizes":[]},"_flex_align_self":"center","_background_background":"classic","_background_color":"#0077B5","__globals__":{"primary_color":"globals\/colors?id=text","secondary_color":""},"link":{"url":"https:\/\/www.linkedin.com\/","is_external":"on","nofollow":"","custom_attributes":""}},"elements":[],"isInner":false,"widgetType":"icon","elType":"widget"},{"id":"4c2c8df4","settings":{"selected_icon":{"value":"fab fa-pinterest-p","library":"fa-brands"},"view":"framed","shape":"square","primary_color":"#FFFFFF","size":{"unit":"px","size":22,"sizes":[]},"icon_padding":{"unit":"px","size":0,"sizes":[]},"border_width":{"unit":"px","top":"0","right":"0","bottom":"0","left":"0","isLinked":false},"border_radius":{"unit":"px","top":"0","right":"0","bottom":"0","left":"0","isLinked":false},"_margin":{"unit":"px","top":"0","right":"0","bottom":"0","left":"0","isLinked":false},"_padding":{"unit":"px","top":"20","right":"20","bottom":"20","left":"20","isLinked":true},"_element_width":"initial","_element_custom_width":{"unit":"px","size":170,"sizes":[]},"_element_custom_width_mobile_extra":{"unit":"px","size":130,"sizes":[]},"_flex_align_self":"center","_background_background":"classic","_background_color":"#CB2027","__globals__":{"primary_color":"globals\/colors?id=text","secondary_color":""},"link":{"url":"https:\/\/in.pinterest.com\/","is_external":"on","nofollow":"","custom_attributes":""}},"elements":[],"isInner":false,"widgetType":"icon","elType":"widget"},{"id":"1d6ede60","settings":{"selected_icon":{"value":"fas fa-plus","library":"fa-solid"},"view":"framed","shape":"square","primary_color":"#FFFFFF","size":{"unit":"px","size":22,"sizes":[]},"icon_padding":{"unit":"px","size":0,"sizes":[]},"border_width":{"unit":"px","top":"0","right":"0","bottom":"0","left":"0","isLinked":false},"border_radius":{"unit":"px","top":"0","right":"0","bottom":"0","left":"0","isLinked":false},"_margin":{"unit":"px","top":"0","right":"0","bottom":"0","left":"0","isLinked":false},"_padding":{"unit":"px","top":"20","right":"20","bottom":"20","left":"20","isLinked":true},"_element_width":"initial","_element_custom_width":{"unit":"px","size":170,"sizes":[]},"_element_custom_width_mobile_extra":{"unit":"px","size":130,"sizes":[]},"_flex_align_self":"center","_background_background":"classic","__globals__":{"primary_color":"globals\/colors?id=text","secondary_color":"","_background_color":"globals\/colors?id=accent"}},"elements":[],"isInner":false,"widgetType":"icon","elType":"widget"}],"isInner":true,"elType":"container"}],"isInner":true,"elType":"container"}],"isInner":false,"elType":"container"}],"settings":{"template":"default"},"metadata":{"author_image_id":"","wpse_uploaded_image":"2292"}}