[{"term_id":15,"name":"BUSINESS LAWYER","slug":"business-lawyer","taxonomy":"attorneys_client_category","description":"","parent":0},{"term_id":7,"name":"CIVIL LAWYER","slug":"civil-lawyer","taxonomy":"attorneys_client_category","description":"","parent":0},{"term_id":11,"name":"CORPORATE LAWYER","slug":"corporate-lawyer","taxonomy":"attorneys_client_category","description":"","parent":0},{"term_id":10,"name":"CRIMINAL LAWYER","slug":"criminal-lawyer","taxonomy":"attorneys_client_category","description":"","parent":0},{"term_id":8,"name":"FAMILY LAWYER","slug":"family-lawyer","taxonomy":"attorneys_client_category","description":"","parent":0},{"term_id":6,"name":"FINANCIAL LAWYER","slug":"financial-lawyer","taxonomy":"attorneys_client_category","description":"","parent":0},{"term_id":12,"name":"FOUNDER","slug":"founder","taxonomy":"attorneys_client_category","description":"","parent":0},{"term_id":9,"name":"HEALTH CARE LAWYER","slug":"health-care-lawyer","taxonomy":"attorneys_client_category","description":"","parent":0},{"term_id":16,"name":"REAL ESTATE LAWYER","slug":"real-estate-lawyer","taxonomy":"attorneys_client_category","description":"","parent":0}]