[{"term_id":21,"name":"BUSINESS","slug":"business","taxonomy":"case_category","description":"","parent":0},{"term_id":24,"name":"CIVIL RIGHTS","slug":"civil-rights","taxonomy":"case_category","description":"","parent":0},{"term_id":25,"name":"CORPORATE LAW","slug":"corporate-law","taxonomy":"case_category","description":"","parent":0},{"term_id":20,"name":"CRIMINAL","slug":"criminal","taxonomy":"case_category","description":"","parent":0},{"term_id":19,"name":"FAMILY","slug":"family","taxonomy":"case_category","description":"","parent":0},{"term_id":23,"name":"FAMILY LAW","slug":"family-law","taxonomy":"case_category","description":"","parent":0},{"term_id":22,"name":"HEALTH","slug":"health","taxonomy":"case_category","description":"","parent":0},{"term_id":26,"name":"IMMIGRATION","slug":"immigration","taxonomy":"case_category","description":"","parent":0}]