[{"term_id":32,"name":"Business","slug":"business","taxonomy":"category","description":"","parent":0},{"term_id":1,"name":"Criminal","slug":"criminal","taxonomy":"category","description":"","parent":0},{"term_id":36,"name":"Ecommerce","slug":"ecommerce","taxonomy":"category","description":"","parent":0},{"term_id":37,"name":"EMPLOYMENT","slug":"employment","taxonomy":"category","description":"","parent":0},{"term_id":31,"name":"Family","slug":"family","taxonomy":"category","description":"","parent":0},{"term_id":33,"name":"Health","slug":"health","taxonomy":"category","description":"","parent":0},{"term_id":34,"name":"Personal","slug":"personal","taxonomy":"category","description":"","parent":0},{"term_id":35,"name":"Real Estate","slug":"real-estate","taxonomy":"category","description":"","parent":0}]