[{"term_id":29,"name":"Audio","slug":"post-format-audio","taxonomy":"post_format","description":"","parent":0},{"term_id":27,"name":"Gallery","slug":"post-format-gallery","taxonomy":"post_format","description":"","parent":0},{"term_id":28,"name":"Link","slug":"post-format-link","taxonomy":"post_format","description":"","parent":0},{"term_id":38,"name":"Quote","slug":"post-format-quote","taxonomy":"post_format","description":"","parent":0},{"term_id":30,"name":"Video","slug":"post-format-video","taxonomy":"post_format","description":"","parent":0}]